{"v":"5.4.1","fr":29.9700012207031,"ip":0,"op":121.000004928431,"w":1024,"h":768,"nm":"Comp 1","ddd":0,"assets":[{"id":"comp_0","layers":[{"ddd":0,"ind":1,"ty":4,"nm":"Shape Layer 34","sr":1,"ks":{"o":{"a":0,"k":100,"ix":11},"r":{"a":0,"k":0,"ix":10},"p":{"a":0,"k":[101.75,123,0],"ix":2},"a":{"a":0,"k":[-115.25,-43,0],"ix":1},"s":{"a":0,"k":[-100,100,100],"ix":6}},"ao":0,"shapes":[{"ty":"gr","it":[{"ind":0,"ty":"sh","ix":1,"ks":{"a":0,"k":{"i":[[0,0],[0,0]],"o":[[0,0],[0,0]],"v":[[-120.5,-10.5],[-110,-75.5]],"c":false},"ix":2},"nm":"Path 1","mn":"ADBE Vector Shape - Group","hd":false},{"ty":"st","c":{"a":0,"k":[0,0.243137269862,0.345098039216,1],"ix":3},"o":{"a":0,"k":100,"ix":4},"w":{"a":0,"k":7,"ix":5},"lc":2,"lj":1,"ml":4,"ml2":{"a":0,"k":4,"ix":8},"nm":"Stroke 1","mn":"ADBE Vector Graphic - Stroke","hd":false},{"ty":"fl","c":{"a":0,"k":[1,0,0,1],"ix":4},"o":{"a":0,"k":100,"ix":5},"r":1,"nm":"Fill 1","mn":"ADBE Vector Graphic - Fill","hd":true},{"ty":"tr","p":{"a":0,"k":[0,0],"ix":2},"a":{"a":0,"k":[0,0],"ix":1},"s":{"a":0,"k":[100,100],"ix":3},"r":{"a":0,"k":0,"ix":6},"o":{"a":0,"k":100,"ix":7},"sk":{"a":0,"k":0,"ix":4},"sa":{"a":0,"k":0,"ix":5},"nm":"Transform"}],"nm":"Shape 1","np":3,"cix":2,"ix":1,"mn":"ADBE Vector Group","hd":false}],"ip":0,"op":300.00001221925,"st":0,"bm":0},{"ddd":0,"ind":2,"ty":4,"nm":"Shape Layer 33","sr":1,"ks":{"o":{"a":0,"k":100,"ix":11},"r":{"a":0,"k":0,"ix":10},"p":{"a":0,"k":[192,166,0],"ix":2},"a":{"a":0,"k":[0,0,0],"ix":1},"s":{"a":0,"k":[100,100,100],"ix":6}},"ao":0,"shapes":[{"ty":"gr","it":[{"ind":0,"ty":"sh","ix":1,"ks":{"a":0,"k":{"i":[[0,0],[0,0]],"o":[[0,0],[0,0]],"v":[[-120.5,-10.5],[-110,-75.5]],"c":false},"ix":2},"nm":"Path 1","mn":"ADBE Vector Shape - Group","hd":false},{"ty":"st","c":{"a":0,"k":[0,0.243137269862,0.345098039216,1],"ix":3},"o":{"a":0,"k":100,"ix":4},"w":{"a":0,"k":7,"ix":5},"lc":2,"lj":1,"ml":4,"ml2":{"a":0,"k":4,"ix":8},"nm":"Stroke 1","mn":"ADBE Vector Graphic - Stroke","hd":false},{"ty":"fl","c":{"a":0,"k":[1,0,0,1],"ix":4},"o":{"a":0,"k":100,"ix":5},"r":1,"nm":"Fill 1","mn":"ADBE Vector Graphic - Fill","hd":true},{"ty":"tr","p":{"a":0,"k":[0,0],"ix":2},"a":{"a":0,"k":[0,0],"ix":1},"s":{"a":0,"k":[100,100],"ix":3},"r":{"a":0,"k":0,"ix":6},"o":{"a":0,"k":100,"ix":7},"sk":{"a":0,"k":0,"ix":4},"sa":{"a":0,"k":0,"ix":5},"nm":"Transform"}],"nm":"Shape 1","np":3,"cix":2,"ix":1,"mn":"ADBE Vector Group","hd":false}],"ip":0,"op":300.00001221925,"st":0,"bm":0},{"ddd":0,"ind":3,"ty":4,"nm":"Shape Layer 32","sr":1,"ks":{"o":{"a":0,"k":100,"ix":11},"r":{"a":0,"k":0,"ix":10},"p":{"a":0,"k":[108.5,271.5,0],"ix":2},"a":{"a":0,"k":[-123.5,105.5,0],"ix":1},"s":{"a":0,"k":[100,100,100],"ix":6}},"ao":0,"shapes":[{"ty":"gr","it":[{"ty":"rc","d":1,"s":{"a":0,"k":[15,125],"ix":2},"p":{"a":0,"k":[0,0],"ix":3},"r":{"a":0,"k":20,"ix":4},"nm":"Rectangle Path 1","mn":"ADBE Vector Shape - Rect","hd":false},{"ty":"st","c":{"a":0,"k":[0,0.243137269862,0.345098039216,1],"ix":3},"o":{"a":0,"k":100,"ix":4},"w":{"a":0,"k":7,"ix":5},"lc":1,"lj":1,"ml":4,"ml2":{"a":0,"k":4,"ix":8},"nm":"Stroke 1","mn":"ADBE Vector Graphic - Stroke","hd":false},{"ty":"fl","c":{"a":0,"k":[1,0,0,1],"ix":4},"o":{"a":0,"k":100,"ix":5},"r":1,"nm":"Fill 1","mn":"ADBE Vector Graphic - Fill","hd":true},{"ty":"tr","p":{"a":0,"k":[-123.5,105.5],"ix":2},"a":{"a":0,"k":[0,0],"ix":1},"s":{"a":0,"k":[100,100],"ix":3},"r":{"a":0,"k":0,"ix":6},"o":{"a":0,"k":100,"ix":7},"sk":{"a":0,"k":0,"ix":4},"sa":{"a":0,"k":0,"ix":5},"nm":"Transform"}],"nm":"Rectangle 1","np":3,"cix":2,"ix":1,"mn":"ADBE Vector Group","hd":false}],"ip":0,"op":300.00001221925,"st":0,"bm":0},{"ddd":0,"ind":4,"ty":4,"nm":"Shape Layer 31","sr":1,"ks":{"o":{"a":0,"k":100,"ix":11},"r":{"a":0,"k":0,"ix":10},"p":{"a":0,"k":[68.5,271.5,0],"ix":2},"a":{"a":0,"k":[-123.5,105.5,0],"ix":1},"s":{"a":0,"k":[100,100,100],"ix":6}},"ao":0,"shapes":[{"ty":"gr","it":[{"ty":"rc","d":1,"s":{"a":0,"k":[15,125],"ix":2},"p":{"a":0,"k":[0,0],"ix":3},"r":{"a":0,"k":20,"ix":4},"nm":"Rectangle Path 1","mn":"ADBE Vector Shape - Rect","hd":false},{"ty":"st","c":{"a":0,"k":[0,0.243137269862,0.345098039216,1],"ix":3},"o":{"a":0,"k":100,"ix":4},"w":{"a":0,"k":7,"ix":5},"lc":1,"lj":1,"ml":4,"ml2":{"a":0,"k":4,"ix":8},"nm":"Stroke 1","mn":"ADBE Vector Graphic - Stroke","hd":false},{"ty":"fl","c":{"a":0,"k":[1,0,0,1],"ix":4},"o":{"a":0,"k":100,"ix":5},"r":1,"nm":"Fill 1","mn":"ADBE Vector Graphic - Fill","hd":true},{"ty":"tr","p":{"a":0,"k":[-123.5,105.5],"ix":2},"a":{"a":0,"k":[0,0],"ix":1},"s":{"a":0,"k":[100,100],"ix":3},"r":{"a":0,"k":0,"ix":6},"o":{"a":0,"k":100,"ix":7},"sk":{"a":0,"k":0,"ix":4},"sa":{"a":0,"k":0,"ix":5},"nm":"Transform"}],"nm":"Rectangle 1","np":3,"cix":2,"ix":1,"mn":"ADBE Vector Group","hd":false}],"ip":0,"op":300.00001221925,"st":0,"bm":0},{"ddd":0,"ind":5,"ty":4,"nm":"Shape Layer 30","sr":1,"ks":{"o":{"a":0,"k":100,"ix":11},"r":{"a":0,"k":0,"ix":10},"p":{"a":0,"k":[190,152.5,0],"ix":2},"a":{"a":0,"k":[0,0,0],"ix":1},"s":{"a":0,"k":[100,100,100],"ix":6}},"ao":0,"shapes":[{"ty":"gr","it":[{"ty":"rc","d":1,"s":{"a":0,"k":[44,13.5],"ix":2},"p":{"a":0,"k":[0,0],"ix":3},"r":{"a":0,"k":20,"ix":4},"nm":"Rectangle Path 1","mn":"ADBE Vector Shape - Rect","hd":false},{"ty":"st","c":{"a":0,"k":[0,0.243137269862,0.345098039216,1],"ix":3},"o":{"a":0,"k":100,"ix":4},"w":{"a":0,"k":7,"ix":5},"lc":1,"lj":1,"ml":4,"ml2":{"a":0,"k":4,"ix":8},"nm":"Stroke 1","mn":"ADBE Vector Graphic - Stroke","hd":false},{"ty":"fl","c":{"a":0,"k":[1,0,0,1],"ix":4},"o":{"a":0,"k":100,"ix":5},"r":1,"nm":"Fill 1","mn":"ADBE Vector Graphic - Fill","hd":true},{"ty":"tr","p":{"a":0,"k":[-102,-104.75],"ix":2},"a":{"a":0,"k":[0,0],"ix":1},"s":{"a":0,"k":[100,100],"ix":3},"r":{"a":0,"k":0,"ix":6},"o":{"a":0,"k":100,"ix":7},"sk":{"a":0,"k":0,"ix":4},"sa":{"a":0,"k":0,"ix":5},"nm":"Transform"}],"nm":"Rectangle 1","np":3,"cix":2,"ix":1,"mn":"ADBE Vector Group","hd":false}],"ip":0,"op":300.00001221925,"st":0,"bm":0},{"ddd":0,"ind":6,"ty":4,"nm":"Shape Layer 29","sr":1,"ks":{"o":{"a":0,"k":100,"ix":11},"r":{"a":0,"k":0,"ix":10},"p":{"a":0,"k":[190,166,0],"ix":2},"a":{"a":0,"k":[0,0,0],"ix":1},"s":{"a":0,"k":[100,100,100],"ix":6}},"ao":0,"shapes":[{"ty":"gr","it":[{"ty":"rc","d":1,"s":{"a":0,"k":[44,13.5],"ix":2},"p":{"a":0,"k":[0,0],"ix":3},"r":{"a":0,"k":20,"ix":4},"nm":"Rectangle Path 1","mn":"ADBE Vector Shape - Rect","hd":false},{"ty":"st","c":{"a":0,"k":[0,0.243137269862,0.345098039216,1],"ix":3},"o":{"a":0,"k":100,"ix":4},"w":{"a":0,"k":7,"ix":5},"lc":1,"lj":1,"ml":4,"ml2":{"a":0,"k":4,"ix":8},"nm":"Stroke 1","mn":"ADBE Vector Graphic - Stroke","hd":false},{"ty":"fl","c":{"a":0,"k":[1,0,0,1],"ix":4},"o":{"a":0,"k":100,"ix":5},"r":1,"nm":"Fill 1","mn":"ADBE Vector Graphic - Fill","hd":true},{"ty":"tr","p":{"a":0,"k":[-102,-104.75],"ix":2},"a":{"a":0,"k":[0,0],"ix":1},"s":{"a":0,"k":[100,100],"ix":3},"r":{"a":0,"k":0,"ix":6},"o":{"a":0,"k":100,"ix":7},"sk":{"a":0,"k":0,"ix":4},"sa":{"a":0,"k":0,"ix":5},"nm":"Transform"}],"nm":"Rectangle 1","np":3,"cix":2,"ix":1,"mn":"ADBE Vector Group","hd":false}],"ip":0,"op":300.00001221925,"st":0,"bm":0},{"ddd":0,"ind":7,"ty":4,"nm":"Shape Layer 27","sr":1,"ks":{"o":{"a":0,"k":100,"ix":11},"r":{"a":0,"k":0,"ix":10},"p":{"a":0,"k":[192,166,0],"ix":2},"a":{"a":0,"k":[0,0,0],"ix":1},"s":{"a":0,"k":[100,100,100],"ix":6}},"ao":0,"shapes":[{"ty":"gr","it":[{"ty":"rc","d":1,"s":{"a":0,"k":[117.5,12],"ix":2},"p":{"a":0,"k":[0,0],"ix":3},"r":{"a":0,"k":20,"ix":4},"nm":"Rectangle Path 1","mn":"ADBE Vector Shape - Rect","hd":false},{"ty":"st","c":{"a":0,"k":[0,0.243137269862,0.345098039216,1],"ix":3},"o":{"a":0,"k":100,"ix":4},"w":{"a":0,"k":7,"ix":5},"lc":1,"lj":1,"ml":4,"ml2":{"a":0,"k":4,"ix":8},"nm":"Stroke 1","mn":"ADBE Vector Graphic - Stroke","hd":false},{"ty":"fl","c":{"a":0,"k":[1,0,0,1],"ix":4},"o":{"a":0,"k":100,"ix":5},"r":1,"nm":"Fill 1","mn":"ADBE Vector Graphic - Fill","hd":true},{"ty":"tr","p":{"a":0,"k":[-101.25,187],"ix":2},"a":{"a":0,"k":[0,0],"ix":1},"s":{"a":0,"k":[100,100],"ix":3},"r":{"a":0,"k":0,"ix":6},"o":{"a":0,"k":100,"ix":7},"sk":{"a":0,"k":0,"ix":4},"sa":{"a":0,"k":0,"ix":5},"nm":"Transform"}],"nm":"Rectangle 1","np":3,"cix":2,"ix":1,"mn":"ADBE Vector Group","hd":false}],"ip":0,"op":300.00001221925,"st":0,"bm":0},{"ddd":0,"ind":8,"ty":4,"nm":"Shape Layer 28","sr":1,"ks":{"o":{"a":0,"k":100,"ix":11},"r":{"a":0,"k":0,"ix":10},"p":{"a":0,"k":[113.059,48,0],"ix":2},"a":{"a":0,"k":[-100,51,0],"ix":1},"s":{"a":0,"k":[52.941,52.941,100],"ix":6}},"ao":0,"shapes":[{"ty":"gr","it":[{"ind":0,"ty":"sh","ix":1,"ks":{"a":0,"k":{"i":[[0,0],[0,0],[0,0],[0,0]],"o":[[0,0],[0,0],[0,0],[0,0]],"v":[[-15.028,37.778],[57.222,255],[-143.556,255],[-78.861,37.778]],"c":true},"ix":2},"nm":"Path 1","mn":"ADBE Vector Shape - Group","hd":false},{"ty":"st","c":{"a":0,"k":[0,0.243137269862,0.345098039216,1],"ix":3},"o":{"a":0,"k":100,"ix":4},"w":{"a":0,"k":11,"ix":5},"lc":1,"lj":1,"ml":4,"ml2":{"a":0,"k":4,"ix":8},"nm":"Stroke 1","mn":"ADBE Vector Graphic - Stroke","hd":false},{"ty":"fl","c":{"a":0,"k":[0,1,0.866666726505,1],"ix":4},"o":{"a":0,"k":100,"ix":5},"r":1,"nm":"Fill 1","mn":"ADBE Vector Graphic - Fill","hd":true},{"ty":"tr","p":{"a":0,"k":[-100,51],"ix":2},"a":{"a":0,"k":[0,0],"ix":1},"s":{"a":0,"k":[100,100],"ix":3},"r":{"a":0,"k":0,"ix":6},"o":{"a":0,"k":100,"ix":7},"sk":{"a":0,"k":0,"ix":4},"sa":{"a":0,"k":0,"ix":5},"nm":"Transform"}],"nm":"Rectangle 1","np":3,"cix":2,"ix":1,"mn":"ADBE Vector Group","hd":false}],"ip":0,"op":300.00001221925,"st":0,"bm":0},{"ddd":0,"ind":9,"ty":4,"nm":"Shape Layer 26","sr":1,"ks":{"o":{"a":0,"k":100,"ix":11},"r":{"a":0,"k":0,"ix":10},"p":{"a":0,"k":[113.059,213,0],"ix":2},"a":{"a":0,"k":[-100,51,0],"ix":1},"s":{"a":0,"k":[52.941,52.941,100],"ix":6}},"ao":0,"shapes":[{"ty":"gr","it":[{"ind":0,"ty":"sh","ix":1,"ks":{"a":0,"k":{"i":[[0,0],[0,0],[0,0],[0,0]],"o":[[0,0],[0,0],[0,0],[0,0]],"v":[[57.222,-56.667],[57.222,255],[-143.556,255],[-143.556,-56.667]],"c":true},"ix":2},"nm":"Path 1","mn":"ADBE Vector Shape - Group","hd":false},{"ty":"st","c":{"a":0,"k":[0,0.243137269862,0.345098039216,1],"ix":3},"o":{"a":0,"k":100,"ix":4},"w":{"a":0,"k":11,"ix":5},"lc":1,"lj":1,"ml":4,"ml2":{"a":0,"k":4,"ix":8},"nm":"Stroke 1","mn":"ADBE Vector Graphic - Stroke","hd":false},{"ty":"fl","c":{"a":0,"k":[0,1,0.866666726505,1],"ix":4},"o":{"a":0,"k":100,"ix":5},"r":1,"nm":"Fill 1","mn":"ADBE Vector Graphic - Fill","hd":true},{"ty":"tr","p":{"a":0,"k":[-100,51],"ix":2},"a":{"a":0,"k":[0,0],"ix":1},"s":{"a":0,"k":[100,100],"ix":3},"r":{"a":0,"k":0,"ix":6},"o":{"a":0,"k":100,"ix":7},"sk":{"a":0,"k":0,"ix":4},"sa":{"a":0,"k":0,"ix":5},"nm":"Transform"}],"nm":"Rectangle 1","np":3,"cix":2,"ix":1,"mn":"ADBE Vector Group","hd":false}],"ip":0,"op":300.00001221925,"st":0,"bm":0}]}],"layers":[{"ddd":0,"ind":1,"ty":3,"nm":"Null 1","sr":1,"ks":{"o":{"a":0,"k":0,"ix":11},"r":{"a":0,"k":0,"ix":10},"p":{"s":true,"x":{"a":1,"k":[{"i":{"x":[0.345],"y":[1]},"o":{"x":[0.333],"y":[0]},"n":["0p345_1_0p333_0"],"t":10,"s":[734],"e":[694]},{"i":{"x":[0.022],"y":[1]},"o":{"x":[1],"y":[0]},"n":["0p022_1_1_0"],"t":50,"s":[694],"e":[694]},{"i":{"x":[0.667],"y":[1]},"o":{"x":[0.694],"y":[0]},"n":["0p667_1_0p694_0"],"t":70,"s":[694],"e":[734]},{"t":110.000004480392}],"ix":3},"y":{"a":0,"k":496,"ix":4}},"a":{"a":0,"k":[0,0,0],"ix":1},"s":{"a":0,"k":[100,100,100],"ix":6}},"ao":0,"ip":0,"op":300.00001221925,"st":0,"bm":0},{"ddd":0,"ind":2,"ty":4,"nm":"Shape Layer 28","parent":1,"sr":1,"ks":{"o":{"a":0,"k":80,"ix":11},"r":{"a":0,"k":0,"ix":10},"p":{"a":0,"k":[-222,-112,0],"ix":2},"a":{"a":0,"k":[0,0,0],"ix":1},"s":{"a":0,"k":[100,100,100],"ix":6}},"ao":0,"shapes":[{"ty":"gr","it":[{"ind":0,"ty":"sh","ix":1,"ks":{"a":1,"k":[{"i":{"x":0.372,"y":1},"o":{"x":0.333,"y":0},"n":"0p372_1_0p333_0","t":10,"s":[{"i":[[0,0],[-3.75,-0.75],[0,0],[0,0],[0,0]],"o":[[0,0],[3.467,0.693],[0,0],[0,0],[0,0]],"v":[[113.5,70.5],[119.5,69.5],[125,74],[182,46],[237.5,46]],"c":false}],"e":[{"i":[[0,0],[-6.5,0],[0,0],[0,0],[0,0]],"o":[[0,0],[6.5,0],[0,0],[0,0],[0,0]],"v":[[-75.5,80],[-67.5,75],[-59.5,79],[104.5,46],[223.5,46]],"c":false}]},{"i":{"x":0.667,"y":1},"o":{"x":0.333,"y":0},"n":"0p667_1_0p333_0","t":50,"s":[{"i":[[0,0],[-6.5,0],[0,0],[0,0],[0,0]],"o":[[0,0],[6.5,0],[0,0],[0,0],[0,0]],"v":[[-75.5,80],[-67.5,75],[-59.5,79],[104.5,46],[223.5,46]],"c":false}],"e":[{"i":[[0,0],[-6.5,0],[0,0],[0,0],[0,0]],"o":[[0,0],[6.5,0],[0,0],[0,0],[0,0]],"v":[[-75.5,80],[-67.5,75],[-59.5,79],[104.5,46],[223.5,46]],"c":false}]},{"i":{"x":0.667,"y":1},"o":{"x":0.623,"y":0},"n":"0p667_1_0p623_0","t":70,"s":[{"i":[[0,0],[-6.5,0],[0,0],[0,0],[0,0]],"o":[[0,0],[6.5,0],[0,0],[0,0],[0,0]],"v":[[-75.5,80],[-67.5,75],[-59.5,79],[104.5,46],[223.5,46]],"c":false}],"e":[{"i":[[0,0],[-3.75,-0.75],[0,0],[0,0],[0,0]],"o":[[0,0],[3.467,0.693],[0,0],[0,0],[0,0]],"v":[[113.5,70.5],[119.5,69.5],[125,74],[182,46],[237.5,46]],"c":false}]},{"t":110.000004480392}],"ix":2},"nm":"Path 1","mn":"ADBE Vector Shape - Group","hd":false},{"ty":"st","c":{"a":0,"k":[1,1,1,1],"ix":3},"o":{"a":0,"k":100,"ix":4},"w":{"a":0,"k":7,"ix":5},"lc":2,"lj":2,"d":[{"n":"d","nm":"dash","v":{"a":0,"k":233,"ix":1}},{"n":"g","nm":"gap","v":{"a":0,"k":23,"ix":2}},{"n":"o","nm":"offset","v":{"a":1,"k":[{"i":{"x":[0.314],"y":[1]},"o":{"x":[0.333],"y":[0]},"n":["0p314_1_0p333_0"],"t":10,"s":[-36],"e":[-291]},{"i":{"x":[0],"y":[1]},"o":{"x":[1],"y":[0]},"n":["0_1_1_0"],"t":50,"s":[-291],"e":[-291]},{"i":{"x":[0.667],"y":[1]},"o":{"x":[0.7],"y":[0]},"n":["0p667_1_0p7_0"],"t":70,"s":[-291],"e":[-36]},{"t":110.000004480392}],"ix":7}}],"nm":"Stroke 1","mn":"ADBE Vector Graphic - Stroke","hd":false},{"ty":"fl","c":{"a":0,"k":[1,0,0,1],"ix":4},"o":{"a":0,"k":100,"ix":5},"r":1,"nm":"Fill 1","mn":"ADBE Vector Graphic - Fill","hd":true},{"ty":"tr","p":{"a":0,"k":[0,0],"ix":2},"a":{"a":0,"k":[0,0],"ix":1},"s":{"a":0,"k":[100,100],"ix":3},"r":{"a":0,"k":0,"ix":6},"o":{"a":0,"k":100,"ix":7},"sk":{"a":0,"k":0,"ix":4},"sa":{"a":0,"k":0,"ix":5},"nm":"Transform"}],"nm":"Shape 1","np":3,"cix":2,"ix":1,"mn":"ADBE Vector Group","hd":false}],"ip":0,"op":300.00001221925,"st":0,"bm":0},{"ddd":0,"ind":3,"ty":4,"nm":"Shape Layer 16","parent":1,"sr":1,"ks":{"o":{"a":0,"k":100,"ix":11},"r":{"a":0,"k":0,"ix":10},"p":{"a":0,"k":[-106.75,-3,0],"ix":2},"a":{"a":0,"k":[115.25,109,0],"ix":1},"s":{"a":0,"k":[100,100,100],"ix":6}},"ao":0,"shapes":[{"ty":"gr","it":[{"ind":0,"ty":"sh","ix":1,"ks":{"a":1,"k":[{"i":{"x":0.264,"y":1},"o":{"x":0.333,"y":0},"n":"0p264_1_0p333_0","t":10,"s":[{"i":[[0,0],[0,0]],"o":[[0,0],[0,0]],"v":[[157.5,109],[207,109]],"c":false}],"e":[{"i":[[0,0],[0,0]],"o":[[0,0],[0,0]],"v":[[-38.5,109],[90.5,109]],"c":false}]},{"i":{"x":0.264,"y":1},"o":{"x":0.756,"y":0},"n":"0p264_1_0p756_0","t":50,"s":[{"i":[[0,0],[0,0]],"o":[[0,0],[0,0]],"v":[[-38.5,109],[90.5,109]],"c":false}],"e":[{"i":[[0,0],[0,0]],"o":[[0,0],[0,0]],"v":[[-38.5,109],[90.5,109]],"c":false}]},{"i":{"x":0.667,"y":1},"o":{"x":0.756,"y":0},"n":"0p667_1_0p756_0","t":70,"s":[{"i":[[0,0],[0,0]],"o":[[0,0],[0,0]],"v":[[-38.5,109],[90.5,109]],"c":false}],"e":[{"i":[[0,0],[0,0]],"o":[[0,0],[0,0]],"v":[[157.5,109],[207,109]],"c":false}]},{"t":110.000004480392}],"ix":2},"nm":"Path 1","mn":"ADBE Vector Shape - Group","hd":false},{"ty":"st","c":{"a":0,"k":[0,0.243137269862,0.345098039216,1],"ix":3},"o":{"a":0,"k":100,"ix":4},"w":{"a":0,"k":6,"ix":5},"lc":2,"lj":1,"ml":4,"ml2":{"a":0,"k":4,"ix":8},"nm":"Stroke 1","mn":"ADBE Vector Graphic - Stroke","hd":false},{"ty":"fl","c":{"a":0,"k":[1,0,0,1],"ix":4},"o":{"a":0,"k":100,"ix":5},"r":1,"nm":"Fill 1","mn":"ADBE Vector Graphic - Fill","hd":true},{"ty":"tr","p":{"a":0,"k":[0,0],"ix":2},"a":{"a":0,"k":[0,0],"ix":1},"s":{"a":0,"k":[100,100],"ix":3},"r":{"a":0,"k":0,"ix":6},"o":{"a":0,"k":100,"ix":7},"sk":{"a":0,"k":0,"ix":4},"sa":{"a":0,"k":0,"ix":5},"nm":"Transform"}],"nm":"Shape 1","np":3,"cix":2,"ix":1,"mn":"ADBE Vector Group","hd":false}],"ip":0,"op":300.00001221925,"st":0,"bm":0},{"ddd":0,"ind":4,"ty":4,"nm":"Shape Layer 10","parent":1,"sr":1,"ks":{"o":{"a":0,"k":100,"ix":11},"r":{"a":0,"k":0,"ix":10},"p":{"a":0,"k":[-51.5,65,0],"ix":2},"a":{"a":0,"k":[170.5,41.5,0],"ix":1},"s":{"a":0,"k":[100,-100,100],"ix":6}},"ao":0,"shapes":[{"ty":"gr","it":[{"ind":0,"ty":"sh","ix":1,"ks":{"a":1,"k":[{"i":{"x":0.251,"y":1},"o":{"x":0.333,"y":0},"n":"0p251_1_0p333_0","t":10,"s":[{"i":[[0,0],[0,0]],"o":[[0,0],[0,0]],"v":[[151.5,37],[215,35.188]],"c":false}],"e":[{"i":[[0,0],[0,0]],"o":[[0,0],[0,0]],"v":[[81.5,36],[212.5,36]],"c":false}]},{"i":{"x":0.251,"y":1},"o":{"x":0.75,"y":0},"n":"0p251_1_0p75_0","t":50,"s":[{"i":[[0,0],[0,0]],"o":[[0,0],[0,0]],"v":[[81.5,36],[212.5,36]],"c":false}],"e":[{"i":[[0,0],[0,0]],"o":[[0,0],[0,0]],"v":[[81.5,36],[212.5,36]],"c":false}]},{"i":{"x":0.667,"y":1},"o":{"x":0.75,"y":0},"n":"0p667_1_0p75_0","t":70,"s":[{"i":[[0,0],[0,0]],"o":[[0,0],[0,0]],"v":[[81.5,36],[212.5,36]],"c":false}],"e":[{"i":[[0,0],[0,0]],"o":[[0,0],[0,0]],"v":[[151.5,37],[215,35.188]],"c":false}]},{"t":110.000004480392}],"ix":2},"nm":"Path 1","mn":"ADBE Vector Shape - Group","hd":false},{"ty":"st","c":{"a":0,"k":[0,0.243137254902,0.345098039216,1],"ix":3},"o":{"a":0,"k":100,"ix":4},"w":{"a":0,"k":6,"ix":5},"lc":1,"lj":1,"ml":4,"ml2":{"a":0,"k":4,"ix":8},"nm":"Stroke 1","mn":"ADBE Vector Graphic - Stroke","hd":false},{"ty":"fl","c":{"a":0,"k":[1,0,0,1],"ix":4},"o":{"a":0,"k":100,"ix":5},"r":1,"nm":"Fill 1","mn":"ADBE Vector Graphic - Fill","hd":true},{"ty":"tr","p":{"a":0,"k":[0,0],"ix":2},"a":{"a":0,"k":[0,0],"ix":1},"s":{"a":0,"k":[100,100],"ix":3},"r":{"a":0,"k":0,"ix":6},"o":{"a":0,"k":100,"ix":7},"sk":{"a":0,"k":0,"ix":4},"sa":{"a":0,"k":0,"ix":5},"nm":"Transform"}],"nm":"Shape 1","np":3,"cix":2,"ix":1,"mn":"ADBE Vector Group","hd":false}],"ip":0,"op":300.00001221925,"st":0,"bm":0},{"ddd":0,"ind":5,"ty":4,"nm":"Shape Layer 8","parent":1,"sr":1,"ks":{"o":{"a":0,"k":100,"ix":11},"r":{"a":0,"k":0,"ix":10},"p":{"a":0,"k":[-51.5,-72,0],"ix":2},"a":{"a":0,"k":[170.5,41.5,0],"ix":1},"s":{"a":0,"k":[100,100,100],"ix":6}},"ao":0,"shapes":[{"ty":"gr","it":[{"ind":0,"ty":"sh","ix":1,"ks":{"a":1,"k":[{"i":{"x":0.27,"y":1},"o":{"x":0.333,"y":0},"n":"0p27_1_0p333_0","t":10,"s":[{"i":[[0,0],[0,0]],"o":[[0,0],[0,0]],"v":[[161.5,38],[202.5,35.5]],"c":false}],"e":[{"i":[[0,0],[0,0]],"o":[[0,0],[0,0]],"v":[[77.5,36],[212.5,35]],"c":false}]},{"i":{"x":0.27,"y":1},"o":{"x":0.75,"y":0},"n":"0p27_1_0p75_0","t":50,"s":[{"i":[[0,0],[0,0]],"o":[[0,0],[0,0]],"v":[[77.5,36],[212.5,35]],"c":false}],"e":[{"i":[[0,0],[0,0]],"o":[[0,0],[0,0]],"v":[[77.5,36],[212.5,35]],"c":false}]},{"i":{"x":0.667,"y":1},"o":{"x":0.75,"y":0},"n":"0p667_1_0p75_0","t":70,"s":[{"i":[[0,0],[0,0]],"o":[[0,0],[0,0]],"v":[[77.5,36],[212.5,35]],"c":false}],"e":[{"i":[[0,0],[0,0]],"o":[[0,0],[0,0]],"v":[[161.5,38],[202.5,35.5]],"c":false}]},{"t":110.000004480392}],"ix":2},"nm":"Path 1","mn":"ADBE Vector Shape - Group","hd":false},{"ty":"st","c":{"a":0,"k":[0,0.243137254902,0.345098039216,1],"ix":3},"o":{"a":0,"k":100,"ix":4},"w":{"a":0,"k":6,"ix":5},"lc":1,"lj":1,"ml":4,"ml2":{"a":0,"k":4,"ix":8},"nm":"Stroke 1","mn":"ADBE Vector Graphic - Stroke","hd":false},{"ty":"fl","c":{"a":0,"k":[1,0,0,1],"ix":4},"o":{"a":0,"k":100,"ix":5},"r":1,"nm":"Fill 1","mn":"ADBE Vector Graphic - Fill","hd":true},{"ty":"tr","p":{"a":0,"k":[0,0],"ix":2},"a":{"a":0,"k":[0,0],"ix":1},"s":{"a":0,"k":[100,100],"ix":3},"r":{"a":0,"k":0,"ix":6},"o":{"a":0,"k":100,"ix":7},"sk":{"a":0,"k":0,"ix":4},"sa":{"a":0,"k":0,"ix":5},"nm":"Transform"}],"nm":"Shape 1","np":3,"cix":2,"ix":1,"mn":"ADBE Vector Group","hd":false}],"ip":0,"op":300.00001221925,"st":0,"bm":0},{"ddd":0,"ind":6,"ty":4,"nm":"Shape Layer 9","parent":1,"sr":1,"ks":{"o":{"a":0,"k":100,"ix":11},"r":{"a":0,"k":0,"ix":10},"p":{"a":0,"k":[-155.75,52.75,0],"ix":2},"a":{"a":0,"k":[66.25,54.75,0],"ix":1},"s":{"a":0,"k":[100,-100,100],"ix":6}},"ao":0,"shapes":[{"ty":"gr","it":[{"ind":0,"ty":"sh","ix":1,"ks":{"a":1,"k":[{"i":{"x":0.833,"y":0.917},"o":{"x":0.333,"y":0},"n":"0p833_0p917_0p333_0","t":10,"s":[{"i":[[0,0],[0,0]],"o":[[0,0],[0,0]],"v":[[101,71],[150.5,36]],"c":false}],"e":[{"i":[[0,0],[0,0]],"o":[[0,0],[0,0]],"v":[[-12.196,70.666],[93.864,35.648]],"c":false}]},{"i":{"x":0.239,"y":1},"o":{"x":0.167,"y":0.083},"n":"0p239_1_0p167_0p083","t":28,"s":[{"i":[[0,0],[0,0]],"o":[[0,0],[0,0]],"v":[[-12.196,70.666],[93.864,35.648]],"c":false}],"e":[{"i":[[0,0],[0,0]],"o":[[0,0],[0,0]],"v":[[-80.5,75.5],[70,35.5]],"c":false}]},{"i":{"x":0.239,"y":1},"o":{"x":0.756,"y":0},"n":"0p239_1_0p756_0","t":50,"s":[{"i":[[0,0],[0,0]],"o":[[0,0],[0,0]],"v":[[-80.5,75.5],[70,35.5]],"c":false}],"e":[{"i":[[0,0],[0,0]],"o":[[0,0],[0,0]],"v":[[-80.5,75.5],[70,35.5]],"c":false}]},{"i":{"x":0.667,"y":1},"o":{"x":0.756,"y":0},"n":"0p667_1_0p756_0","t":70,"s":[{"i":[[0,0],[0,0]],"o":[[0,0],[0,0]],"v":[[-80.5,75.5],[70,35.5]],"c":false}],"e":[{"i":[[0,0],[0,0]],"o":[[0,0],[0,0]],"v":[[101,71],[150.5,36]],"c":false}]},{"t":110.000004480392}],"ix":2},"nm":"Path 1","mn":"ADBE Vector Shape - Group","hd":false},{"ty":"st","c":{"a":0,"k":[0,0.243137254902,0.345098039216,1],"ix":3},"o":{"a":0,"k":100,"ix":4},"w":{"a":0,"k":6,"ix":5},"lc":1,"lj":1,"ml":4,"ml2":{"a":0,"k":4,"ix":8},"nm":"Stroke 1","mn":"ADBE Vector Graphic - Stroke","hd":false},{"ty":"fl","c":{"a":0,"k":[1,0,0,1],"ix":4},"o":{"a":0,"k":100,"ix":5},"r":1,"nm":"Fill 1","mn":"ADBE Vector Graphic - Fill","hd":true},{"ty":"tr","p":{"a":0,"k":[0,0],"ix":2},"a":{"a":0,"k":[0,0],"ix":1},"s":{"a":0,"k":[100,100],"ix":3},"r":{"a":0,"k":0,"ix":6},"o":{"a":0,"k":100,"ix":7},"sk":{"a":0,"k":0,"ix":4},"sa":{"a":0,"k":0,"ix":5},"nm":"Transform"}],"nm":"Shape 1","np":3,"cix":2,"ix":1,"mn":"ADBE Vector Group","hd":false}],"ip":0,"op":300.00001221925,"st":0,"bm":0},{"ddd":0,"ind":7,"ty":4,"nm":"Shape Layer 7","parent":1,"sr":1,"ks":{"o":{"a":0,"k":100,"ix":11},"r":{"a":0,"k":0,"ix":10},"p":{"a":0,"k":[-155.75,-58.75,0],"ix":2},"a":{"a":0,"k":[66.25,54.75,0],"ix":1},"s":{"a":0,"k":[100,100,100],"ix":6}},"ao":0,"shapes":[{"ty":"gr","it":[{"ind":0,"ty":"sh","ix":1,"ks":{"a":1,"k":[{"i":{"x":0.833,"y":0.833},"o":{"x":0.333,"y":0},"n":"0p833_0p833_0p333_0","t":10,"s":[{"i":[[0,0],[0,0]],"o":[[0,0],[0,0]],"v":[[107,71.5],[164,36]],"c":false}],"e":[{"i":[[0,0],[0,0]],"o":[[0,0],[0,0]],"v":[[-8.125,71.5],[100.75,35.634]],"c":false}]},{"i":{"x":0.251,"y":1},"o":{"x":0.167,"y":0.167},"n":"0p251_1_0p167_0p167","t":29,"s":[{"i":[[0,0],[0,0]],"o":[[0,0],[0,0]],"v":[[-8.125,71.5],[100.75,35.634]],"c":false}],"e":[{"i":[[0,0],[0,0]],"o":[[0,0],[0,0]],"v":[[-86,71.5],[77.5,35.5]],"c":false}]},{"i":{"x":0.251,"y":1},"o":{"x":0.756,"y":0},"n":"0p251_1_0p756_0","t":50,"s":[{"i":[[0,0],[0,0]],"o":[[0,0],[0,0]],"v":[[-86,71.5],[77.5,35.5]],"c":false}],"e":[{"i":[[0,0],[0,0]],"o":[[0,0],[0,0]],"v":[[-86,71.5],[77.5,35.5]],"c":false}]},{"i":{"x":0.667,"y":1},"o":{"x":0.756,"y":0},"n":"0p667_1_0p756_0","t":70,"s":[{"i":[[0,0],[0,0]],"o":[[0,0],[0,0]],"v":[[-86,71.5],[77.5,35.5]],"c":false}],"e":[{"i":[[0,0],[0,0]],"o":[[0,0],[0,0]],"v":[[107,71.5],[164,36]],"c":false}]},{"t":110.000004480392}],"ix":2},"nm":"Path 1","mn":"ADBE Vector Shape - Group","hd":false},{"ty":"st","c":{"a":0,"k":[0,0.243137254902,0.345098039216,1],"ix":3},"o":{"a":0,"k":100,"ix":4},"w":{"a":0,"k":6,"ix":5},"lc":1,"lj":1,"ml":4,"ml2":{"a":0,"k":4,"ix":8},"nm":"Stroke 1","mn":"ADBE Vector Graphic - Stroke","hd":false},{"ty":"fl","c":{"a":0,"k":[1,0,0,1],"ix":4},"o":{"a":0,"k":100,"ix":5},"r":1,"nm":"Fill 1","mn":"ADBE Vector Graphic - Fill","hd":true},{"ty":"tr","p":{"a":0,"k":[0,0],"ix":2},"a":{"a":0,"k":[0,0],"ix":1},"s":{"a":0,"k":[100,100],"ix":3},"r":{"a":0,"k":0,"ix":6},"o":{"a":0,"k":100,"ix":7},"sk":{"a":0,"k":0,"ix":4},"sa":{"a":0,"k":0,"ix":5},"nm":"Transform"}],"nm":"Shape 1","np":3,"cix":2,"ix":1,"mn":"ADBE Vector Group","hd":false}],"ip":0,"op":300.00001221925,"st":0,"bm":0},{"ddd":0,"ind":8,"ty":4,"nm":"Shape Layer 29","parent":1,"sr":1,"ks":{"o":{"a":0,"k":100,"ix":11},"r":{"a":0,"k":0,"ix":10},"p":{"s":true,"x":{"a":1,"k":[{"i":{"x":[0.611],"y":[0.02]},"o":{"x":[0.417],"y":[0]},"n":["0p611_0p02_0p417_0"],"t":10,"s":[-0.25],"e":[-8.025]},{"i":{"x":[0.537],"y":[1]},"o":{"x":[0.233],"y":[0.251]},"n":["0p537_1_0p233_0p251"],"t":30,"s":[-8.025],"e":[-26.25]},{"i":{"x":[0.382],"y":[1]},"o":{"x":[0.63],"y":[0]},"n":["0p382_1_0p63_0"],"t":50,"s":[-26.25],"e":[-26.25]},{"i":{"x":[0.779],"y":[0.684]},"o":{"x":[0.487],"y":[0]},"n":["0p779_0p684_0p487_0"],"t":70,"s":[-26.25],"e":[-9.165]},{"i":{"x":[0.574],"y":[1]},"o":{"x":[0.366],"y":[0.82]},"n":["0p574_1_0p366_0p82"],"t":92,"s":[-9.165],"e":[-0.25]},{"t":110.000004480392}],"ix":3},"y":{"a":1,"k":[{"i":{"x":[0.667],"y":[1]},"o":{"x":[0.333],"y":[0]},"n":["0p667_1_0p333_0"],"t":10,"s":[51.208],"e":[-8.792]},{"i":{"x":[0.667],"y":[1]},"o":{"x":[0.333],"y":[0]},"n":["0p667_1_0p333_0"],"t":50,"s":[-8.792],"e":[-8.792]},{"i":{"x":[0.667],"y":[1]},"o":{"x":[0.333],"y":[0]},"n":["0p667_1_0p333_0"],"t":70,"s":[-8.792],"e":[51.208]},{"t":110.000004480392}],"ix":4}},"a":{"a":0,"k":[217.25,106.75,0],"ix":1},"s":{"a":0,"k":[100,100,100],"ix":6}},"ao":0,"shapes":[{"ty":"gr","it":[{"ind":0,"ty":"sh","ix":1,"ks":{"a":1,"k":[{"i":{"x":0.309,"y":1},"o":{"x":0.333,"y":0},"n":"0p309_1_0p333_0","t":10,"s":[{"i":[[3,-4.958],[5.661,0],[0,0],[-1.25,3.042],[-5.661,0],[0,0]],"o":[[-2.93,4.843],[0,0],[-5.661,0],[2.152,-5.236],[0,0],[5.661,0]],"v":[[21,1.5],[6.25,6.5],[-4.75,6.5],[-11.75,0.25],[1.25,-5.75],[12.25,-5.75]],"c":true}],"e":[{"i":[[0,-5.661],[5.661,0],[0,0],[0,5.661],[-5.661,0],[0,0]],"o":[[0,5.661],[0,0],[-5.661,0],[0,-5.661],[0,0],[5.661,0]],"v":[[55.75,0],[45.5,10.25],[-35.5,10.25],[-45.75,0],[-35.5,-10.25],[45.5,-10.25]],"c":true}]},{"i":{"x":0.667,"y":1},"o":{"x":0.333,"y":0},"n":"0p667_1_0p333_0","t":50,"s":[{"i":[[0,-5.661],[5.661,0],[0,0],[0,5.661],[-5.661,0],[0,0]],"o":[[0,5.661],[0,0],[-5.661,0],[0,-5.661],[0,0],[5.661,0]],"v":[[55.75,0],[45.5,10.25],[-35.5,10.25],[-45.75,0],[-35.5,-10.25],[45.5,-10.25]],"c":true}],"e":[{"i":[[0,-5.661],[5.661,0],[0,0],[0,5.661],[-5.661,0],[0,0]],"o":[[0,5.661],[0,0],[-5.661,0],[0,-5.661],[0,0],[5.661,0]],"v":[[55.75,0],[45.5,10.25],[-35.5,10.25],[-45.75,0],[-35.5,-10.25],[45.5,-10.25]],"c":true}]},{"i":{"x":0.667,"y":1},"o":{"x":0.699,"y":0},"n":"0p667_1_0p699_0","t":70,"s":[{"i":[[0,-5.661],[5.661,0],[0,0],[0,5.661],[-5.661,0],[0,0]],"o":[[0,5.661],[0,0],[-5.661,0],[0,-5.661],[0,0],[5.661,0]],"v":[[55.75,0],[45.5,10.25],[-35.5,10.25],[-45.75,0],[-35.5,-10.25],[45.5,-10.25]],"c":true}],"e":[{"i":[[3,-4.958],[5.661,0],[0,0],[-1.25,3.042],[-5.661,0],[0,0]],"o":[[-2.93,4.843],[0,0],[-5.661,0],[2.152,-5.236],[0,0],[5.661,0]],"v":[[21,1.5],[6.25,6.5],[-4.75,6.5],[-11.75,0.25],[1.25,-5.75],[12.25,-5.75]],"c":true}]},{"t":110.000004480392}],"ix":2},"nm":"Path 1","mn":"ADBE Vector Shape - Group","hd":false},{"ty":"st","c":{"a":0,"k":[0,0.243137254902,0.345098039216,1],"ix":3},"o":{"a":0,"k":100,"ix":4},"w":{"a":0,"k":6,"ix":5},"lc":1,"lj":1,"ml":4,"ml2":{"a":0,"k":4,"ix":8},"nm":"Stroke 1","mn":"ADBE Vector Graphic - Stroke","hd":false},{"ty":"fl","c":{"a":0,"k":[1,0,0,1],"ix":4},"o":{"a":0,"k":100,"ix":5},"r":1,"nm":"Fill 1","mn":"ADBE Vector Graphic - Fill","hd":true},{"ty":"tr","p":{"a":0,"k":[217.25,106.75],"ix":2},"a":{"a":0,"k":[0,0],"ix":1},"s":{"a":0,"k":[100,100],"ix":3},"r":{"a":0,"k":0,"ix":6},"o":{"a":0,"k":100,"ix":7},"sk":{"a":0,"k":0,"ix":4},"sa":{"a":0,"k":0,"ix":5},"nm":"Transform"}],"nm":"Rectangle 1","np":3,"cix":2,"ix":1,"mn":"ADBE Vector Group","hd":false}],"ip":0,"op":300.00001221925,"st":0,"bm":0},{"ddd":0,"ind":9,"ty":4,"nm":"Shape Layer 30","parent":1,"sr":1,"ks":{"o":{"a":0,"k":100,"ix":11},"r":{"a":0,"k":0,"ix":10},"p":{"s":true,"x":{"a":0,"k":13.75,"ix":3},"y":{"a":0,"k":6.208,"ix":4}},"a":{"a":0,"k":[217.25,106.75,0],"ix":1},"s":{"a":0,"k":[100,100,100],"ix":6}},"ao":0,"shapes":[{"ty":"gr","it":[{"ind":0,"ty":"sh","ix":1,"ks":{"a":1,"k":[{"i":{"x":0.833,"y":0.833},"o":{"x":0.373,"y":0},"n":"0p833_0p833_0p373_0","t":10,"s":[{"i":[[0,-5.661],[5.661,0],[0,0],[0,5.661],[-5.661,0],[0,0]],"o":[[0,5.661],[0,0],[-5.661,0],[0,-5.661],[0,0],[5.661,0]],"v":[[100.625,112],[90.375,122.25],[66.25,122.25],[56,112],[66.25,101.75],[90.375,101.75]],"c":true}],"e":[{"i":[[-1.637,-5.28],[5.661,0],[0,0],[0,5.661],[-5.661,0],[0,0]],"o":[[1.639,5.282],[0,0],[-5.661,0],[0,-5.661],[0,0],[5.661,0]],"v":[[77.73,71.337],[69.528,80.767],[12.717,80.767],[-1.22,72.156],[7.801,63.954],[64.612,63.954]],"c":true}]},{"i":{"x":0.283,"y":1},"o":{"x":0.167,"y":0.167},"n":"0p283_1_0p167_0p167","t":28,"s":[{"i":[[-1.637,-5.28],[5.661,0],[0,0],[0,5.661],[-5.661,0],[0,0]],"o":[[1.639,5.282],[0,0],[-5.661,0],[0,-5.661],[0,0],[5.661,0]],"v":[[77.73,71.337],[69.528,80.767],[12.717,80.767],[-1.22,72.156],[7.801,63.954],[64.612,63.954]],"c":true}],"e":[{"i":[[-2.498,-5.08],[5.661,0],[0,0],[0,5.661],[-5.661,0],[0,0]],"o":[[2.5,5.083],[0,0],[-5.661,0],[0,-5.661],[0,0],[5.661,0]],"v":[[54.25,49.958],[47.125,58.958],[-29.5,58.958],[-45.375,51.208],[-37,44.083],[39.625,44.083]],"c":true}]},{"i":{"x":0.283,"y":1},"o":{"x":0.699,"y":0},"n":"0p283_1_0p699_0","t":50,"s":[{"i":[[-2.498,-5.08],[5.661,0],[0,0],[0,5.661],[-5.661,0],[0,0]],"o":[[2.5,5.083],[0,0],[-5.661,0],[0,-5.661],[0,0],[5.661,0]],"v":[[54.25,49.958],[47.125,58.958],[-29.5,58.958],[-45.375,51.208],[-37,44.083],[39.625,44.083]],"c":true}],"e":[{"i":[[-2.498,-5.08],[5.661,0],[0,0],[0,5.661],[-5.661,0],[0,0]],"o":[[2.5,5.083],[0,0],[-5.661,0],[0,-5.661],[0,0],[5.661,0]],"v":[[54.25,49.958],[47.125,58.958],[-29.5,58.958],[-45.375,51.208],[-37,44.083],[39.625,44.083]],"c":true}]},{"i":{"x":0.833,"y":0.833},"o":{"x":0.699,"y":0},"n":"0p833_0p833_0p699_0","t":70,"s":[{"i":[[-2.498,-5.08],[5.661,0],[0,0],[0,5.661],[-5.661,0],[0,0]],"o":[[2.5,5.083],[0,0],[-5.661,0],[0,-5.661],[0,0],[5.661,0]],"v":[[54.25,49.958],[47.125,58.958],[-29.5,58.958],[-45.375,51.208],[-37,44.083],[39.625,44.083]],"c":true}],"e":[{"i":[[-1.637,-5.28],[5.661,0],[0,0],[0,5.661],[-5.661,0],[0,0]],"o":[[1.639,5.282],[0,0],[-5.661,0],[0,-5.661],[0,0],[5.661,0]],"v":[[77.73,71.337],[69.528,80.767],[12.717,80.767],[-1.22,72.156],[7.801,63.954],[64.612,63.954]],"c":true}]},{"i":{"x":0.648,"y":1},"o":{"x":0.167,"y":0.167},"n":"0p648_1_0p167_0p167","t":92,"s":[{"i":[[-1.637,-5.28],[5.661,0],[0,0],[0,5.661],[-5.661,0],[0,0]],"o":[[1.639,5.282],[0,0],[-5.661,0],[0,-5.661],[0,0],[5.661,0]],"v":[[77.73,71.337],[69.528,80.767],[12.717,80.767],[-1.22,72.156],[7.801,63.954],[64.612,63.954]],"c":true}],"e":[{"i":[[0,-5.661],[5.661,0],[0,0],[0,5.661],[-5.661,0],[0,0]],"o":[[0,5.661],[0,0],[-5.661,0],[0,-5.661],[0,0],[5.661,0]],"v":[[100.625,112],[90.375,122.25],[66.25,122.25],[56,112],[66.25,101.75],[90.375,101.75]],"c":true}]},{"t":110.000004480392}],"ix":2},"nm":"Path 1","mn":"ADBE Vector Shape - Group","hd":false},{"ty":"st","c":{"a":0,"k":[0,0.243137254902,0.345098039216,1],"ix":3},"o":{"a":0,"k":100,"ix":4},"w":{"a":0,"k":6,"ix":5},"lc":1,"lj":1,"ml":4,"ml2":{"a":0,"k":4,"ix":8},"nm":"Stroke 1","mn":"ADBE Vector Graphic - Stroke","hd":false},{"ty":"fl","c":{"a":0,"k":[1,0,0,1],"ix":4},"o":{"a":0,"k":100,"ix":5},"r":1,"nm":"Fill 1","mn":"ADBE Vector Graphic - Fill","hd":true},{"ty":"tr","p":{"a":0,"k":[154.75,-13.25],"ix":2},"a":{"a":0,"k":[0,0],"ix":1},"s":{"a":0,"k":[100,100],"ix":3},"r":{"a":0,"k":0,"ix":6},"o":{"a":0,"k":100,"ix":7},"sk":{"a":0,"k":0,"ix":4},"sa":{"a":0,"k":0,"ix":5},"nm":"Transform"}],"nm":"Rectangle 1","np":3,"cix":2,"ix":1,"mn":"ADBE Vector Group","hd":false}],"ip":0,"op":300.00001221925,"st":0,"bm":0},{"ddd":0,"ind":10,"ty":4,"nm":"Shape Layer 31","parent":1,"sr":1,"ks":{"o":{"a":0,"k":100,"ix":11},"r":{"a":0,"k":0,"ix":10},"p":{"s":true,"x":{"a":0,"k":13.75,"ix":3},"y":{"a":0,"k":6.208,"ix":4}},"a":{"a":0,"k":[217.25,106.75,0],"ix":1},"s":{"a":0,"k":[100,100,100],"ix":6}},"ao":0,"shapes":[{"ty":"gr","it":[{"ind":0,"ty":"sh","ix":1,"ks":{"a":1,"k":[{"i":{"x":0.283,"y":1},"o":{"x":0.167,"y":0},"n":"0p283_1_0p167_0","t":30,"s":[{"i":[[0.25,-2.167],[5.661,0],[0,0],[-3.125,1.333],[-5.661,0],[0,0]],"o":[[-0.386,3.348],[0,0],[-5.661,0],[5.207,-2.222],[0,0],[5.661,0]],"v":[[44,181.458],[26.375,184.458],[-33.25,184.667],[-35.125,180.917],[-17,178.542],[33.625,179.083]],"c":true}],"e":[{"i":[[1.565,-5.44],[5.661,0],[0,0],[-2.046,5.278],[-5.661,0],[0,0]],"o":[[-1.75,6.083],[0,0],[-5.661,0],[2.875,-7.417],[0,0],[5.661,0]],"v":[[57.25,166.708],[42.75,173.958],[-33.875,173.958],[-42.875,166.208],[-26.375,159.083],[50.25,159.083]],"c":true}]},{"i":{"x":0.283,"y":1},"o":{"x":0.699,"y":0},"n":"0p283_1_0p699_0","t":50,"s":[{"i":[[1.565,-5.44],[5.661,0],[0,0],[-2.046,5.278],[-5.661,0],[0,0]],"o":[[-1.75,6.083],[0,0],[-5.661,0],[2.875,-7.417],[0,0],[5.661,0]],"v":[[57.25,166.708],[42.75,173.958],[-33.875,173.958],[-42.875,166.208],[-26.375,159.083],[50.25,159.083]],"c":true}],"e":[{"i":[[1.565,-5.44],[5.661,0],[0,0],[-2.046,5.278],[-5.661,0],[0,0]],"o":[[-1.75,6.083],[0,0],[-5.661,0],[2.875,-7.417],[0,0],[5.661,0]],"v":[[57.25,166.708],[42.75,173.958],[-33.875,173.958],[-42.875,166.208],[-26.375,159.083],[50.25,159.083]],"c":true}]},{"i":{"x":0.833,"y":1},"o":{"x":0.699,"y":0},"n":"0p833_1_0p699_0","t":70,"s":[{"i":[[1.565,-5.44],[5.661,0],[0,0],[-2.046,5.278],[-5.661,0],[0,0]],"o":[[-1.75,6.083],[0,0],[-5.661,0],[2.875,-7.417],[0,0],[5.661,0]],"v":[[57.25,166.708],[42.75,173.958],[-33.875,173.958],[-42.875,166.208],[-26.375,159.083],[50.25,159.083]],"c":true}],"e":[{"i":[[0.25,-2.167],[5.661,0],[0,0],[-3.125,1.333],[-5.661,0],[0,0]],"o":[[-0.386,3.348],[0,0],[-5.661,0],[5.207,-2.222],[0,0],[5.661,0]],"v":[[56.5,181.458],[38.875,184.458],[-37.75,184.458],[-39.625,180.708],[-21.5,178.333],[46.125,179.083]],"c":true}]},{"t":90.0000036657751}],"ix":2},"nm":"Path 1","mn":"ADBE Vector Shape - Group","hd":false},{"ty":"st","c":{"a":0,"k":[0,0.243137254902,0.345098039216,1],"ix":3},"o":{"a":0,"k":100,"ix":4},"w":{"a":0,"k":6,"ix":5},"lc":1,"lj":1,"ml":4,"ml2":{"a":0,"k":4,"ix":8},"nm":"Stroke 1","mn":"ADBE Vector Graphic - Stroke","hd":false},{"ty":"fl","c":{"a":0,"k":[1,0,0,1],"ix":4},"o":{"a":0,"k":100,"ix":5},"r":1,"nm":"Fill 1","mn":"ADBE Vector Graphic - Fill","hd":true},{"ty":"tr","p":{"a":0,"k":[154.75,-13.25],"ix":2},"a":{"a":0,"k":[0,0],"ix":1},"s":{"a":0,"k":[100,100],"ix":3},"r":{"a":0,"k":0,"ix":6},"o":{"a":0,"k":100,"ix":7},"sk":{"a":0,"k":0,"ix":4},"sa":{"a":0,"k":0,"ix":5},"nm":"Transform"}],"nm":"Rectangle 1","np":3,"cix":2,"ix":1,"mn":"ADBE Vector Group","hd":false}],"ip":30.0000012219251,"op":91.000003706506,"st":0,"bm":0},{"ddd":0,"ind":11,"ty":4,"nm":"Shape Layer 32","parent":1,"sr":1,"ks":{"o":{"a":0,"k":100,"ix":11},"r":{"a":0,"k":0,"ix":10},"p":{"s":true,"x":{"a":0,"k":13.75,"ix":3},"y":{"a":0,"k":6.208,"ix":4}},"a":{"a":0,"k":[217.25,106.75,0],"ix":1},"s":{"a":0,"k":[100,100,100],"ix":6}},"ao":0,"shapes":[{"ty":"gr","it":[{"ind":0,"ty":"sh","ix":1,"ks":{"a":1,"k":[{"i":{"x":0.833,"y":1},"o":{"x":0.699,"y":0},"n":"0p833_1_0p699_0","t":10,"s":[{"i":[[-3.397,-4.529],[5.661,0],[0,0],[6.125,5.167],[-5.661,0],[0,0]],"o":[[3.25,4.333],[0,0],[-5.661,0],[-5.892,-4.97],[0,0],[5.661,0]],"v":[[76.781,56.208],[67.656,61.875],[54.375,61.792],[36.875,57.375],[48.875,50.292],[62.781,50.25]],"c":true}],"e":[{"i":[[-5.644,-0.443],[5.661,0],[0,0],[-2.375,1.417],[-5.661,0],[0,0]],"o":[[4.25,0.333],[0,0],[-5.661,0],[3.296,-1.966],[0,0],[5.661,0]],"v":[[24.25,36.458],[11,37.625],[-7.625,38.292],[-25.625,38.125],[-8.875,36.792],[10.75,36.125]],"c":true}]},{"t":30.0000012219251}],"ix":2},"nm":"Path 1","mn":"ADBE Vector Shape - Group","hd":false},{"ty":"st","c":{"a":0,"k":[0,0.243137254902,0.345098039216,1],"ix":3},"o":{"a":0,"k":100,"ix":4},"w":{"a":0,"k":6,"ix":5},"lc":1,"lj":1,"ml":4,"ml2":{"a":0,"k":4,"ix":8},"nm":"Stroke 1","mn":"ADBE Vector Graphic - Stroke","hd":false},{"ty":"fl","c":{"a":0,"k":[1,0,0,1],"ix":4},"o":{"a":0,"k":100,"ix":5},"r":1,"nm":"Fill 1","mn":"ADBE Vector Graphic - Fill","hd":true},{"ty":"tr","p":{"a":0,"k":[154.75,-13.25],"ix":2},"a":{"a":0,"k":[0,0],"ix":1},"s":{"a":0,"k":[100,100],"ix":3},"r":{"a":0,"k":0,"ix":6},"o":{"a":0,"k":100,"ix":7},"sk":{"a":0,"k":0,"ix":4},"sa":{"a":0,"k":0,"ix":5},"nm":"Transform"}],"nm":"Rectangle 1","np":3,"cix":2,"ix":1,"mn":"ADBE Vector Group","hd":false}],"ip":0,"op":31.0000012626559,"st":-40.0000016292334,"bm":0},{"ddd":0,"ind":12,"ty":4,"nm":"Shape Layer 6","parent":1,"sr":1,"ks":{"o":{"a":0,"k":100,"ix":11},"r":{"a":0,"k":0,"ix":10},"p":{"s":true,"x":{"a":0,"k":13.75,"ix":3},"y":{"a":0,"k":6.208,"ix":4}},"a":{"a":0,"k":[217.25,106.75,0],"ix":1},"s":{"a":0,"k":[100,100,100],"ix":6}},"ao":0,"shapes":[{"ty":"gr","it":[{"ind":0,"ty":"sh","ix":1,"ks":{"a":1,"k":[{"i":{"x":0.301,"y":1},"o":{"x":0.167,"y":0},"n":"0p301_1_0p167_0","t":88,"s":[{"i":[[-5.644,-0.443],[5.661,0],[0,0],[-2.375,1.417],[-5.661,0],[0,0]],"o":[[4.25,0.333],[0,0],[-5.661,0],[3.296,-1.966],[0,0],[5.661,0]],"v":[[24.25,36.458],[11,37.625],[-7.625,38.292],[-25.625,38.125],[-8.875,36.792],[10.75,36.125]],"c":true}],"e":[{"i":[[-3.397,-4.529],[5.661,0],[0,0],[6.125,5.167],[-5.661,0],[0,0]],"o":[[3.25,4.333],[0,0],[-5.661,0],[-5.892,-4.97],[0,0],[5.661,0]],"v":[[76.313,55.708],[66.188,61.625],[54.375,61.792],[36.875,57.375],[48.875,50.292],[61.313,50.375]],"c":true}]},{"t":108.00000439893}],"ix":2},"nm":"Path 1","mn":"ADBE Vector Shape - Group","hd":false},{"ty":"st","c":{"a":0,"k":[0,0.243137254902,0.345098039216,1],"ix":3},"o":{"a":0,"k":100,"ix":4},"w":{"a":0,"k":6,"ix":5},"lc":1,"lj":1,"ml":4,"ml2":{"a":0,"k":4,"ix":8},"nm":"Stroke 1","mn":"ADBE Vector Graphic - Stroke","hd":false},{"ty":"fl","c":{"a":0,"k":[1,0,0,1],"ix":4},"o":{"a":0,"k":100,"ix":5},"r":1,"nm":"Fill 1","mn":"ADBE Vector Graphic - Fill","hd":true},{"ty":"tr","p":{"a":0,"k":[154.75,-13.25],"ix":2},"a":{"a":0,"k":[0,0],"ix":1},"s":{"a":0,"k":[100,100],"ix":3},"r":{"a":0,"k":0,"ix":6},"o":{"a":0,"k":100,"ix":7},"sk":{"a":0,"k":0,"ix":4},"sa":{"a":0,"k":0,"ix":5},"nm":"Transform"}],"nm":"Rectangle 1","np":3,"cix":2,"ix":1,"mn":"ADBE Vector Group","hd":false}],"ip":88.0000035843135,"op":121.000004928431,"st":38.0000015477717,"bm":0},{"ddd":0,"ind":13,"ty":4,"nm":"Shape Layer 13","parent":14,"sr":1,"ks":{"o":{"a":0,"k":100,"ix":11},"r":{"a":0,"k":0,"ix":10},"p":{"a":0,"k":[-22.5,-113.208,0],"ix":2},"a":{"a":0,"k":[0,0,0],"ix":1},"s":{"a":0,"k":[100,100,100],"ix":6}},"ao":0,"shapes":[{"ty":"gr","it":[{"ind":0,"ty":"sh","ix":1,"ks":{"a":1,"k":[{"i":{"x":0.209,"y":1},"o":{"x":0.333,"y":0},"n":"0p209_1_0p333_0","t":10,"s":[{"i":[[-7.25,0.75],[7.215,-8.246],[1,-8.25],[-12.25,-1.5],[7.115,7.612]],"o":[[7.25,-0.75],[-3.5,4],[-1,8.25],[12.25,1.5],[-10.75,-11.5]],"v":[[24.25,147.75],[5.75,146],[7.25,160],[12.25,185.75],[22,167.5]],"c":true}],"e":[{"i":[[-7.25,0.75],[7.215,-8.246],[1,-8.25],[-12.25,-1.5],[4.75,11.25]],"o":[[7.25,-0.75],[-3.5,4],[-1,8.25],[12.25,1.5],[-6.123,-14.502]],"v":[[13,147.5],[1.75,146],[-2,159.5],[10,189.25],[14.5,170.75]],"c":true}]},{"i":{"x":0.833,"y":0.927},"o":{"x":0.333,"y":0},"n":"0p833_0p927_0p333_0","t":32,"s":[{"i":[[-7.25,0.75],[7.215,-8.246],[1,-8.25],[-12.25,-1.5],[4.75,11.25]],"o":[[7.25,-0.75],[-3.5,4],[-1,8.25],[12.25,1.5],[-6.123,-14.502]],"v":[[13,147.5],[1.75,146],[-2,159.5],[10,189.25],[14.5,170.75]],"c":true}],"e":[{"i":[[-7.25,0.75],[7.215,-8.246],[1,-8.25],[-12.303,0.976],[3.964,11.13]],"o":[[7.25,-0.75],[-3.5,4],[-1,8.25],[10.964,-0.87],[-4.846,-13.607]],"v":[[13,147.5],[1.75,146],[-8,171],[-0.464,197.37],[5.536,175.37]],"c":true}]},{"i":{"x":0.667,"y":1},"o":{"x":0.167,"y":0.073},"n":"0p667_1_0p167_0p073","t":50.708,"s":[{"i":[[-7.25,0.75],[7.215,-8.246],[1,-8.25],[-12.303,0.976],[3.964,11.13]],"o":[[7.25,-0.75],[-3.5,4],[-1,8.25],[10.964,-0.87],[-4.846,-13.607]],"v":[[13,147.5],[1.75,146],[-8,171],[-0.464,197.37],[5.536,175.37]],"c":true}],"e":[{"i":[[-7.25,0.75],[7.215,-8.246],[1,-8.25],[-12.25,-1.497],[4.749,11.25]],"o":[[7.25,-0.75],[-3.5,4],[-1,8.25],[12.248,1.497],[-6.122,-14.501]],"v":[[13,147.5],[1.75,146],[-2.007,159.514],[1.996,193.763],[7.498,168.259]],"c":true}]},{"i":{"x":0.833,"y":0.927},"o":{"x":0.792,"y":0},"n":"0p833_0p927_0p792_0","t":67.975,"s":[{"i":[[-7.25,0.75],[7.215,-8.246],[1,-8.25],[-12.25,-1.497],[4.749,11.25]],"o":[[7.25,-0.75],[-3.5,4],[-1,8.25],[12.248,1.497],[-6.122,-14.501]],"v":[[13,147.5],[1.75,146],[-2.007,159.514],[1.996,193.763],[7.498,168.259]],"c":true}],"e":[{"i":[[-7.25,0.75],[7.215,-8.246],[1,-8.25],[-12.25,-1.5],[5.238,11.787]],"o":[[7.25,-0.75],[-3.5,4],[-1,8.25],[12.25,1.5],[-5.2,-11.701]],"v":[[13.455,147.51],[1.912,146],[-5.626,159.52],[-4.616,194.718],[2.598,171.213]],"c":true}]},{"i":{"x":0.667,"y":1},"o":{"x":0.167,"y":0.073},"n":"0p667_1_0p167_0p073","t":91,"s":[{"i":[[-7.25,0.75],[7.215,-8.246],[1,-8.25],[-12.25,-1.5],[5.238,11.787]],"o":[[7.25,-0.75],[-3.5,4],[-1,8.25],[12.25,1.5],[-5.2,-11.701]],"v":[[13.455,147.51],[1.912,146],[-5.626,159.52],[-4.616,194.718],[2.598,171.213]],"c":true}],"e":[{"i":[[-7.25,0.75],[7.215,-8.246],[1,-8.25],[-12.25,-1.5],[7.115,7.612]],"o":[[7.25,-0.75],[-3.5,4],[-1,8.25],[12.25,1.5],[-10.75,-11.5]],"v":[[24.25,147.75],[5.75,146],[5.25,166],[12.75,196.25],[20,173.5]],"c":true}]},{"i":{"x":0.833,"y":1},"o":{"x":0.167,"y":0},"n":"0p833_1_0p167_0","t":101,"s":[{"i":[[-7.25,0.75],[7.215,-8.246],[1,-8.25],[-12.25,-1.5],[7.115,7.612]],"o":[[7.25,-0.75],[-3.5,4],[-1,8.25],[12.25,1.5],[-10.75,-11.5]],"v":[[24.25,147.75],[5.75,146],[5.25,166],[12.75,196.25],[20,173.5]],"c":true}],"e":[{"i":[[-7.25,0.75],[7.215,-8.246],[1,-8.25],[-12.25,-1.5],[7.115,7.612]],"o":[[7.25,-0.75],[-3.5,4],[-1,8.25],[12.25,1.5],[-10.75,-11.5]],"v":[[24.25,147.75],[5.75,146],[8.75,167.5],[14.75,198.25],[21,170.5]],"c":true}]},{"i":{"x":0.667,"y":1},"o":{"x":0.167,"y":0},"n":"0p667_1_0p167_0","t":112,"s":[{"i":[[-7.25,0.75],[7.215,-8.246],[1,-8.25],[-12.25,-1.5],[7.115,7.612]],"o":[[7.25,-0.75],[-3.5,4],[-1,8.25],[12.25,1.5],[-10.75,-11.5]],"v":[[24.25,147.75],[5.75,146],[8.75,167.5],[14.75,198.25],[21,170.5]],"c":true}],"e":[{"i":[[-7.25,0.75],[7.215,-8.246],[1,-8.25],[-12.25,-1.5],[7.115,7.612]],"o":[[7.25,-0.75],[-3.5,4],[-1,8.25],[12.25,1.5],[-10.75,-11.5]],"v":[[24.25,147.75],[5.75,146],[7.25,160],[12.25,185.75],[22,167.5]],"c":true}]},{"t":120.0000048877}],"ix":2},"nm":"Path 1","mn":"ADBE Vector Shape - Group","hd":false},{"ty":"st","c":{"a":0,"k":[1,1,1,1],"ix":3},"o":{"a":0,"k":100,"ix":4},"w":{"a":0,"k":6,"ix":5},"lc":1,"lj":1,"ml":4,"ml2":{"a":0,"k":4,"ix":8},"nm":"Stroke 1","mn":"ADBE Vector Graphic - Stroke","hd":true},{"ty":"fl","c":{"a":0,"k":[0,1,0.866666666667,1],"ix":4},"o":{"a":0,"k":100,"ix":5},"r":1,"nm":"Fill 1","mn":"ADBE Vector Graphic - Fill","hd":false},{"ty":"tr","p":{"a":0,"k":[0,0],"ix":2},"a":{"a":0,"k":[0,0],"ix":1},"s":{"a":0,"k":[100,100],"ix":3},"r":{"a":0,"k":0,"ix":6},"o":{"a":0,"k":100,"ix":7},"sk":{"a":0,"k":0,"ix":4},"sa":{"a":0,"k":0,"ix":5},"nm":"Transform"}],"nm":"Shape 1","np":3,"cix":2,"ix":1,"mn":"ADBE Vector Group","hd":false}],"ip":0,"op":300.00001221925,"st":0,"bm":0},{"ddd":0,"ind":14,"ty":4,"nm":"Shape Layer 22","parent":1,"sr":1,"ks":{"o":{"a":0,"k":100,"ix":11},"r":{"a":0,"k":0,"ix":10},"p":{"s":true,"x":{"a":1,"k":[{"i":{"x":[0.379],"y":[1]},"o":{"x":[0.333],"y":[0]},"n":["0p379_1_0p333_0"],"t":10,"s":[-125],"e":[-300]},{"i":{"x":[0.379],"y":[1]},"o":{"x":[0.63],"y":[0]},"n":["0p379_1_0p63_0"],"t":50,"s":[-300],"e":[-300]},{"i":{"x":[0.667],"y":[1]},"o":{"x":[0.63],"y":[0]},"n":["0p667_1_0p63_0"],"t":70,"s":[-300],"e":[-125]},{"t":110.000004480392}],"ix":3},"y":{"a":0,"k":-3.792,"ix":4}},"a":{"a":0,"k":[0,0,0],"ix":1},"s":{"a":0,"k":[100,100,100],"ix":6}},"ao":0,"shapes":[{"ty":"gr","it":[{"d":1,"ty":"el","s":{"a":1,"k":[{"i":{"x":[0.382,0.667],"y":[1,1]},"o":{"x":[0.333,0.333],"y":[0,0]},"n":["0p382_1_0p333_0","0p667_1_0p333_0"],"t":10,"s":[80,80],"e":[51,80]},{"i":{"x":[0.382,0.667],"y":[1,1]},"o":{"x":[0.64,0.333],"y":[0,0]},"n":["0p382_1_0p64_0","0p667_1_0p333_0"],"t":50,"s":[51,80],"e":[51,80]},{"i":{"x":[0.667,0.667],"y":[1,1]},"o":{"x":[0.64,0.333],"y":[0,0]},"n":["0p667_1_0p64_0","0p667_1_0p333_0"],"t":70,"s":[51,80],"e":[80,80]},{"t":110.000004480392}],"ix":2},"p":{"a":0,"k":[0,0],"ix":3},"nm":"Ellipse Path 1","mn":"ADBE Vector Shape - Ellipse","hd":false},{"ty":"st","c":{"a":0,"k":[0,0.243137254902,0.345098039216,1],"ix":3},"o":{"a":0,"k":100,"ix":4},"w":{"a":0,"k":6,"ix":5},"lc":1,"lj":1,"ml":4,"ml2":{"a":0,"k":4,"ix":8},"nm":"Stroke 1","mn":"ADBE Vector Graphic - Stroke","hd":false},{"ty":"fl","c":{"a":0,"k":[0,0.729411525352,1,1],"ix":4},"o":{"a":0,"k":100,"ix":5},"r":1,"nm":"Fill 1","mn":"ADBE Vector Graphic - Fill","hd":true},{"ty":"tr","p":{"a":0,"k":[0,0],"ix":2},"a":{"a":0,"k":[0,0],"ix":1},"s":{"a":0,"k":[100,100],"ix":3},"r":{"a":0,"k":0,"ix":6},"o":{"a":0,"k":100,"ix":7},"sk":{"a":0,"k":0,"ix":4},"sa":{"a":0,"k":0,"ix":5},"nm":"Transform"}],"nm":"Ellipse 1","np":3,"cix":2,"ix":1,"mn":"ADBE Vector Group","hd":false},{"ty":"tm","s":{"a":0,"k":0,"ix":1},"e":{"a":0,"k":55,"ix":2},"o":{"a":0,"k":0,"ix":3},"m":1,"ix":2,"nm":"Trim Paths 1","mn":"ADBE Vector Filter - Trim","hd":false}],"ip":0,"op":300.00001221925,"st":0,"bm":0},{"ddd":0,"ind":15,"ty":4,"nm":"Shape Layer 1","parent":1,"sr":1,"ks":{"o":{"a":0,"k":100,"ix":11},"r":{"a":0,"k":0,"ix":10},"p":{"s":true,"x":{"a":1,"k":[{"i":{"x":[0.379],"y":[1]},"o":{"x":[0.333],"y":[0]},"n":["0p379_1_0p333_0"],"t":10,"s":[-125],"e":[-315]},{"i":{"x":[0.379],"y":[1]},"o":{"x":[0.63],"y":[0]},"n":["0p379_1_0p63_0"],"t":50,"s":[-315],"e":[-315]},{"i":{"x":[0.667],"y":[1]},"o":{"x":[0.63],"y":[0]},"n":["0p667_1_0p63_0"],"t":70,"s":[-315],"e":[-125]},{"t":110.000004480392}],"ix":3},"y":{"a":0,"k":-3.792,"ix":4}},"a":{"a":0,"k":[0,0,0],"ix":1},"s":{"a":0,"k":[100,100,100],"ix":6}},"ao":0,"shapes":[{"ty":"gr","it":[{"d":1,"ty":"el","s":{"a":1,"k":[{"i":{"x":[0.382,0.667],"y":[1,1]},"o":{"x":[0.333,0.333],"y":[0,0]},"n":["0p382_1_0p333_0","0p667_1_0p333_0"],"t":10,"s":[80,80],"e":[51,80]},{"i":{"x":[0.382,0.667],"y":[1,1]},"o":{"x":[0.64,0.333],"y":[0,0]},"n":["0p382_1_0p64_0","0p667_1_0p333_0"],"t":50,"s":[51,80],"e":[51,80]},{"i":{"x":[0.667,0.667],"y":[1,1]},"o":{"x":[0.64,0.333],"y":[0,0]},"n":["0p667_1_0p64_0","0p667_1_0p333_0"],"t":70,"s":[51,80],"e":[80,80]},{"t":110.000004480392}],"ix":2},"p":{"a":0,"k":[0,0],"ix":3},"nm":"Ellipse Path 1","mn":"ADBE Vector Shape - Ellipse","hd":false},{"ty":"st","c":{"a":0,"k":[0,0.243137254902,0.345098039216,1],"ix":3},"o":{"a":0,"k":100,"ix":4},"w":{"a":0,"k":6,"ix":5},"lc":1,"lj":1,"ml":4,"ml2":{"a":0,"k":4,"ix":8},"nm":"Stroke 1","mn":"ADBE Vector Graphic - Stroke","hd":false},{"ty":"fl","c":{"a":0,"k":[0,0.729411525352,1,1],"ix":4},"o":{"a":0,"k":100,"ix":5},"r":1,"nm":"Fill 1","mn":"ADBE Vector Graphic - Fill","hd":true},{"ty":"tr","p":{"a":0,"k":[0,0],"ix":2},"a":{"a":0,"k":[0,0],"ix":1},"s":{"a":0,"k":[100,100],"ix":3},"r":{"a":0,"k":0,"ix":6},"o":{"a":0,"k":100,"ix":7},"sk":{"a":0,"k":0,"ix":4},"sa":{"a":0,"k":0,"ix":5},"nm":"Transform"}],"nm":"Ellipse 1","np":3,"cix":2,"ix":1,"mn":"ADBE Vector Group","hd":false}],"ip":0,"op":300.00001221925,"st":0,"bm":0},{"ddd":0,"ind":16,"ty":4,"nm":"Shape Layer 21","parent":15,"sr":1,"ks":{"o":{"a":0,"k":100,"ix":11},"r":{"a":0,"k":0,"ix":10},"p":{"s":true,"x":{"a":1,"k":[{"i":{"x":[0.376],"y":[1]},"o":{"x":[0.333],"y":[0]},"n":["0p376_1_0p333_0"],"t":10,"s":[0],"e":[8]},{"i":{"x":[0.376],"y":[1]},"o":{"x":[0.631],"y":[0]},"n":["0p376_1_0p631_0"],"t":50,"s":[8],"e":[8]},{"i":{"x":[0.667],"y":[1]},"o":{"x":[0.631],"y":[0]},"n":["0p667_1_0p631_0"],"t":70,"s":[8],"e":[0]},{"t":110.000004480392}],"ix":3},"y":{"a":0,"k":0,"ix":4}},"a":{"a":0,"k":[0,0,0],"ix":1},"s":{"a":0,"k":[100,100,100],"ix":6}},"ao":0,"shapes":[{"ty":"gr","it":[{"d":1,"ty":"el","s":{"a":1,"k":[{"i":{"x":[0.667,0.667],"y":[1,1]},"o":{"x":[0.333,0.333],"y":[0,0]},"n":["0p667_1_0p333_0","0p667_1_0p333_0"],"t":10,"s":[71,71],"e":[51,80]},{"i":{"x":[0.667,0.667],"y":[1,1]},"o":{"x":[0.333,0.333],"y":[0,0]},"n":["0p667_1_0p333_0","0p667_1_0p333_0"],"t":50,"s":[51,80],"e":[51,80]},{"i":{"x":[0.667,0.667],"y":[1,1]},"o":{"x":[0.333,0.333],"y":[0,0]},"n":["0p667_1_0p333_0","0p667_1_0p333_0"],"t":70,"s":[51,80],"e":[71,71]},{"t":110.000004480392}],"ix":2},"p":{"a":0,"k":[0,0],"ix":3},"nm":"Ellipse Path 1","mn":"ADBE Vector Shape - Ellipse","hd":false},{"ty":"st","c":{"a":0,"k":[0,0.098039223166,0.141176470588,1],"ix":3},"o":{"a":0,"k":100,"ix":4},"w":{"a":0,"k":6,"ix":5},"lc":1,"lj":1,"ml":4,"ml2":{"a":0,"k":4,"ix":8},"nm":"Stroke 1","mn":"ADBE Vector Graphic - Stroke","hd":false},{"ty":"fl","c":{"a":0,"k":[0,0.729411525352,1,1],"ix":4},"o":{"a":0,"k":100,"ix":5},"r":1,"nm":"Fill 1","mn":"ADBE Vector Graphic - Fill","hd":true},{"ty":"tr","p":{"a":0,"k":[0,0],"ix":2},"a":{"a":0,"k":[0,0],"ix":1},"s":{"a":0,"k":[100,100],"ix":3},"r":{"a":0,"k":0,"ix":6},"o":{"a":0,"k":100,"ix":7},"sk":{"a":0,"k":0,"ix":4},"sa":{"a":0,"k":0,"ix":5},"nm":"Transform"}],"nm":"Ellipse 1","np":3,"cix":2,"ix":1,"mn":"ADBE Vector Group","hd":false}],"ip":0,"op":300.00001221925,"st":0,"bm":0},{"ddd":0,"ind":17,"ty":4,"nm":"Shape Layer 24","sr":1,"ks":{"o":{"a":0,"k":100,"ix":11},"r":{"a":0,"k":0,"ix":10},"p":{"a":0,"k":[512,384,0],"ix":2},"a":{"a":0,"k":[0,0,0],"ix":1},"s":{"a":0,"k":[100,100,100],"ix":6}},"ao":0,"shapes":[{"ty":"gr","it":[{"ind":0,"ty":"sh","ix":1,"ks":{"a":1,"k":[{"i":{"x":0.209,"y":1},"o":{"x":0.333,"y":0},"n":"0p209_1_0p333_0","t":10,"s":[{"i":[[0,0],[-5.75,0.5],[0,0]],"o":[[0,0],[5.75,-0.5],[0,0]],"v":[[138.625,169],[151.875,178.25],[152.625,168]],"c":true}],"e":[{"i":[[0,0],[-5.75,0.5],[0,0]],"o":[[0,0],[5.75,-0.5],[0,0]],"v":[[-39.375,162.25],[27.375,180],[26.625,168]],"c":true}]},{"i":{"x":0.209,"y":1},"o":{"x":0.333,"y":0},"n":"0p209_1_0p333_0","t":50,"s":[{"i":[[0,0],[-5.75,0.5],[0,0]],"o":[[0,0],[5.75,-0.5],[0,0]],"v":[[-39.375,162.25],[27.375,180],[26.625,168]],"c":true}],"e":[{"i":[[0,0],[-5.75,0.5],[0,0]],"o":[[0,0],[5.75,-0.5],[0,0]],"v":[[-39.375,162.25],[27.375,180],[26.625,168]],"c":true}]},{"i":{"x":0.667,"y":1},"o":{"x":0.788,"y":0},"n":"0p667_1_0p788_0","t":70,"s":[{"i":[[0,0],[-5.75,0.5],[0,0]],"o":[[0,0],[5.75,-0.5],[0,0]],"v":[[-39.375,162.25],[27.375,180],[26.625,168]],"c":true}],"e":[{"i":[[0,0],[-5.75,0.5],[0,0]],"o":[[0,0],[5.75,-0.5],[0,0]],"v":[[138.625,169],[151.875,178.25],[152.625,168]],"c":true}]},{"t":110.000004480392}],"ix":2},"nm":"Path 1","mn":"ADBE Vector Shape - Group","hd":false},{"ty":"st","c":{"a":0,"k":[1,1,1,1],"ix":3},"o":{"a":0,"k":100,"ix":4},"w":{"a":0,"k":7,"ix":5},"lc":1,"lj":1,"ml":4,"ml2":{"a":0,"k":4,"ix":8},"nm":"Stroke 1","mn":"ADBE Vector Graphic - Stroke","hd":true},{"ty":"fl","c":{"a":0,"k":[0,1,0.866666726505,1],"ix":4},"o":{"a":0,"k":100,"ix":5},"r":1,"nm":"Fill 1","mn":"ADBE Vector Graphic - Fill","hd":false},{"ty":"tr","p":{"a":0,"k":[0,0],"ix":2},"a":{"a":0,"k":[0,0],"ix":1},"s":{"a":0,"k":[100,100],"ix":3},"r":{"a":0,"k":0,"ix":6},"o":{"a":0,"k":100,"ix":7},"sk":{"a":0,"k":0,"ix":4},"sa":{"a":0,"k":0,"ix":5},"nm":"Transform"}],"nm":"Shape 1","np":3,"cix":2,"ix":1,"mn":"ADBE Vector Group","hd":false}],"ip":0,"op":300.00001221925,"st":0,"bm":0},{"ddd":0,"ind":18,"ty":4,"nm":"Shape Layer 20","parent":20,"td":1,"sr":1,"ks":{"o":{"a":0,"k":100,"ix":11},"r":{"a":0,"k":0,"ix":10},"p":{"a":0,"k":[-10,0,0],"ix":2},"a":{"a":0,"k":[0,0,0],"ix":1},"s":{"a":0,"k":[100,100,100],"ix":6}},"ao":0,"shapes":[{"ty":"gr","it":[{"d":1,"ty":"el","s":{"a":1,"k":[{"i":{"x":[0.373,0.667],"y":[1,1]},"o":{"x":[0.333,0.333],"y":[0,0]},"n":["0p373_1_0p333_0","0p667_1_0p333_0"],"t":10,"s":[150,150],"e":[109,150]},{"i":{"x":[0.373,0.667],"y":[1,1]},"o":{"x":[0.631,0.333],"y":[0,0]},"n":["0p373_1_0p631_0","0p667_1_0p333_0"],"t":50,"s":[109,150],"e":[109,150]},{"i":{"x":[0.667,0.667],"y":[1,1]},"o":{"x":[0.631,0.333],"y":[0,0]},"n":["0p667_1_0p631_0","0p667_1_0p333_0"],"t":70,"s":[109,150],"e":[150,150]},{"t":110.000004480392}],"ix":2},"p":{"a":0,"k":[0,0],"ix":3},"nm":"Ellipse Path 1","mn":"ADBE Vector Shape - Ellipse","hd":false},{"ty":"st","c":{"a":0,"k":[0,0.243137254902,0.345098039216,1],"ix":3},"o":{"a":0,"k":100,"ix":4},"w":{"a":0,"k":7,"ix":5},"lc":1,"lj":1,"ml":4,"ml2":{"a":0,"k":4,"ix":8},"nm":"Stroke 1","mn":"ADBE Vector Graphic - Stroke","hd":false},{"ty":"fl","c":{"a":0,"k":[0,0.729411525352,1,1],"ix":4},"o":{"a":0,"k":100,"ix":5},"r":1,"nm":"Fill 1","mn":"ADBE Vector Graphic - Fill","hd":true},{"ty":"tr","p":{"a":0,"k":[0,0],"ix":2},"a":{"a":0,"k":[0,0],"ix":1},"s":{"a":0,"k":[100,100],"ix":3},"r":{"a":0,"k":0,"ix":6},"o":{"a":0,"k":100,"ix":7},"sk":{"a":0,"k":0,"ix":4},"sa":{"a":0,"k":0,"ix":5},"nm":"Transform"}],"nm":"Ellipse 1","np":3,"cix":2,"ix":1,"mn":"ADBE Vector Group","hd":false}],"ip":0,"op":300.00001221925,"st":0,"bm":0},{"ddd":0,"ind":19,"ty":4,"nm":"Shape Layer 19","parent":15,"tt":1,"sr":1,"ks":{"o":{"a":0,"k":100,"ix":11},"r":{"a":0,"k":0,"ix":10},"p":{"a":0,"k":[0,0,0],"ix":2},"a":{"a":0,"k":[0,0,0],"ix":1},"s":{"a":0,"k":[100,100,100],"ix":6}},"ao":0,"shapes":[{"ty":"gr","it":[{"d":1,"ty":"el","s":{"a":0,"k":[80,80],"ix":2},"p":{"a":0,"k":[0,0],"ix":3},"nm":"Ellipse Path 1","mn":"ADBE Vector Shape - Ellipse","hd":false},{"ty":"st","c":{"a":0,"k":[1,1,1,1],"ix":3},"o":{"a":0,"k":100,"ix":4},"w":{"a":0,"k":6,"ix":5},"lc":1,"lj":1,"ml":4,"ml2":{"a":0,"k":4,"ix":8},"nm":"Stroke 1","mn":"ADBE Vector Graphic - Stroke","hd":true},{"ty":"fl","c":{"a":0,"k":[0,0.101960791794,0.145098039216,1],"ix":4},"o":{"a":0,"k":100,"ix":5},"r":1,"nm":"Fill 1","mn":"ADBE Vector Graphic - Fill","hd":false},{"ty":"tr","p":{"a":0,"k":[0,0],"ix":2},"a":{"a":0,"k":[0,0],"ix":1},"s":{"a":0,"k":[100,100],"ix":3},"r":{"a":0,"k":0,"ix":6},"o":{"a":0,"k":100,"ix":7},"sk":{"a":0,"k":0,"ix":4},"sa":{"a":0,"k":0,"ix":5},"nm":"Transform"}],"nm":"Ellipse 1","np":3,"cix":2,"ix":1,"mn":"ADBE Vector Group","hd":false}],"ip":0,"op":300.00001221925,"st":0,"bm":0},{"ddd":0,"ind":20,"ty":4,"nm":"Shape Layer 2","parent":1,"sr":1,"ks":{"o":{"a":0,"k":100,"ix":11},"r":{"a":0,"k":0,"ix":10},"p":{"s":true,"x":{"a":1,"k":[{"i":{"x":[0.379],"y":[1]},"o":{"x":[0.333],"y":[0]},"n":["0p379_1_0p333_0"],"t":10,"s":[-71],"e":[-141]},{"i":{"x":[0.379],"y":[1]},"o":{"x":[0.627],"y":[0]},"n":["0p379_1_0p627_0"],"t":50,"s":[-141],"e":[-141]},{"i":{"x":[0.667],"y":[1]},"o":{"x":[0.627],"y":[0]},"n":["0p667_1_0p627_0"],"t":70,"s":[-141],"e":[-71]},{"t":110.000004480392}],"ix":3},"y":{"a":0,"k":-3.792,"ix":4}},"a":{"a":0,"k":[0,0,0],"ix":1},"s":{"a":0,"k":[100,100,100],"ix":6}},"ao":0,"shapes":[{"ty":"gr","it":[{"d":1,"ty":"el","s":{"a":1,"k":[{"i":{"x":[0.667,0.667],"y":[1,1]},"o":{"x":[0.333,0.333],"y":[0,0]},"n":["0p667_1_0p333_0","0p667_1_0p333_0"],"t":10,"s":[150,150],"e":[109,150]},{"i":{"x":[0.667,0.667],"y":[1,1]},"o":{"x":[0.333,0.333],"y":[0,0]},"n":["0p667_1_0p333_0","0p667_1_0p333_0"],"t":50,"s":[109,150],"e":[109,150]},{"i":{"x":[0.667,0.667],"y":[1,1]},"o":{"x":[0.333,0.333],"y":[0,0]},"n":["0p667_1_0p333_0","0p667_1_0p333_0"],"t":70,"s":[109,150],"e":[150,150]},{"t":110.000004480392}],"ix":2},"p":{"a":0,"k":[0,0],"ix":3},"nm":"Ellipse Path 1","mn":"ADBE Vector Shape - Ellipse","hd":false},{"ty":"st","c":{"a":0,"k":[0,0.243137254902,0.345098039216,1],"ix":3},"o":{"a":0,"k":100,"ix":4},"w":{"a":0,"k":6,"ix":5},"lc":1,"lj":1,"ml":4,"ml2":{"a":0,"k":4,"ix":8},"nm":"Stroke 1","mn":"ADBE Vector Graphic - Stroke","hd":false},{"ty":"fl","c":{"a":0,"k":[0,0.729411525352,1,1],"ix":4},"o":{"a":0,"k":100,"ix":5},"r":1,"nm":"Fill 1","mn":"ADBE Vector Graphic - Fill","hd":true},{"ty":"tr","p":{"a":0,"k":[-10,0],"ix":2},"a":{"a":0,"k":[0,0],"ix":1},"s":{"a":0,"k":[100,100],"ix":3},"r":{"a":0,"k":0,"ix":6},"o":{"a":0,"k":100,"ix":7},"sk":{"a":0,"k":0,"ix":4},"sa":{"a":0,"k":0,"ix":5},"nm":"Transform"}],"nm":"Ellipse 1","np":3,"cix":2,"ix":1,"mn":"ADBE Vector Group","hd":false}],"ip":0,"op":300.00001221925,"st":0,"bm":0},{"ddd":0,"ind":21,"ty":4,"nm":"Shape Layer 23","parent":1,"sr":1,"ks":{"o":{"a":0,"k":100,"ix":11},"r":{"a":0,"k":0,"ix":10},"p":{"a":0,"k":[-77.75,62,0],"ix":2},"a":{"a":0,"k":[144.25,174,0],"ix":1},"s":{"a":0,"k":[100,100,100],"ix":6}},"ao":0,"shapes":[{"ty":"gr","it":[{"ind":0,"ty":"sh","ix":1,"ks":{"a":1,"k":[{"i":{"x":0.355,"y":1},"o":{"x":0.333,"y":0},"n":"0p355_1_0p333_0","t":10,"s":[{"i":[[0,0],[0,0],[0,0],[0,0]],"o":[[0,0],[0,0],[0,0],[0,0]],"v":[[68.75,-6],[68.75,6],[1.25,6],[1.25,-6]],"c":true}],"e":[{"i":[[0,0],[0,0],[0,0],[0,0]],"o":[[0,0],[0,0],[0,0],[0,0]],"v":[[68.75,-6],[68.75,6],[-68.75,6],[-68.75,-6]],"c":true}]},{"i":{"x":0.667,"y":1},"o":{"x":0.333,"y":0},"n":"0p667_1_0p333_0","t":50,"s":[{"i":[[0,0],[0,0],[0,0],[0,0]],"o":[[0,0],[0,0],[0,0],[0,0]],"v":[[68.75,-6],[68.75,6],[-68.75,6],[-68.75,-6]],"c":true}],"e":[{"i":[[0,0],[0,0],[0,0],[0,0]],"o":[[0,0],[0,0],[0,0],[0,0]],"v":[[68.75,-6],[68.75,6],[-68.75,6],[-68.75,-6]],"c":true}]},{"i":{"x":0.667,"y":1},"o":{"x":0.646,"y":0},"n":"0p667_1_0p646_0","t":70,"s":[{"i":[[0,0],[0,0],[0,0],[0,0]],"o":[[0,0],[0,0],[0,0],[0,0]],"v":[[68.75,-6],[68.75,6],[-68.75,6],[-68.75,-6]],"c":true}],"e":[{"i":[[0,0],[0,0],[0,0],[0,0]],"o":[[0,0],[0,0],[0,0],[0,0]],"v":[[68.75,-6],[68.75,6],[1.25,6],[1.25,-6]],"c":true}]},{"t":110.000004480392}],"ix":2},"nm":"Path 1","mn":"ADBE Vector Shape - Group","hd":false},{"ty":"st","c":{"a":0,"k":[0,0.098039223166,0.141176470588,1],"ix":3},"o":{"a":0,"k":100,"ix":4},"w":{"a":0,"k":7,"ix":5},"lc":1,"lj":1,"ml":4,"ml2":{"a":0,"k":4,"ix":8},"nm":"Stroke 1","mn":"ADBE Vector Graphic - Stroke","hd":true},{"ty":"fl","c":{"a":0,"k":[0,1,0.866666726505,1],"ix":4},"o":{"a":0,"k":100,"ix":5},"r":1,"nm":"Fill 1","mn":"ADBE Vector Graphic - Fill","hd":false},{"ty":"tr","p":{"a":0,"k":[144.25,174],"ix":2},"a":{"a":0,"k":[0,0],"ix":1},"s":{"a":0,"k":[100,100],"ix":3},"r":{"a":0,"k":0,"ix":6},"o":{"a":0,"k":100,"ix":7},"sk":{"a":0,"k":0,"ix":4},"sa":{"a":0,"k":0,"ix":5},"nm":"Transform"}],"nm":"Rectangle 1","np":3,"cix":2,"ix":1,"mn":"ADBE Vector Group","hd":false}],"ip":0,"op":300.00001221925,"st":0,"bm":0},{"ddd":0,"ind":22,"ty":4,"nm":"Shape Layer 3","parent":25,"td":1,"sr":1,"ks":{"o":{"a":0,"k":100,"ix":11},"r":{"a":0,"k":0,"ix":10},"p":{"a":0,"k":[20,0,0],"ix":2},"a":{"a":0,"k":[0,0,0],"ix":1},"s":{"a":0,"k":[100,100,100],"ix":6}},"ao":0,"shapes":[{"ty":"gr","it":[{"d":1,"ty":"el","s":{"a":1,"k":[{"i":{"x":[0.376,0.667],"y":[1,1]},"o":{"x":[0.333,0.333],"y":[0,0]},"n":["0p376_1_0p333_0","0p667_1_0p333_0"],"t":10,"s":[150,150],"e":[109,150]},{"i":{"x":[0.376,0.667],"y":[1,1]},"o":{"x":[0.631,0.333],"y":[0,0]},"n":["0p376_1_0p631_0","0p667_1_0p333_0"],"t":50,"s":[109,150],"e":[109,150]},{"i":{"x":[0.667,0.667],"y":[1,1]},"o":{"x":[0.631,0.333],"y":[0,0]},"n":["0p667_1_0p631_0","0p667_1_0p333_0"],"t":70,"s":[109,150],"e":[150,150]},{"t":110.000004480392}],"ix":2},"p":{"a":0,"k":[0,0],"ix":3},"nm":"Ellipse Path 1","mn":"ADBE Vector Shape - Ellipse","hd":false},{"ty":"st","c":{"a":0,"k":[0,0.243137254902,0.345098039216,1],"ix":3},"o":{"a":0,"k":100,"ix":4},"w":{"a":0,"k":7,"ix":5},"lc":1,"lj":1,"ml":4,"ml2":{"a":0,"k":4,"ix":8},"nm":"Stroke 1","mn":"ADBE Vector Graphic - Stroke","hd":false},{"ty":"fl","c":{"a":0,"k":[0,0.729411525352,1,1],"ix":4},"o":{"a":0,"k":100,"ix":5},"r":1,"nm":"Fill 1","mn":"ADBE Vector Graphic - Fill","hd":true},{"ty":"tr","p":{"a":0,"k":[0,0],"ix":2},"a":{"a":0,"k":[0,0],"ix":1},"s":{"a":0,"k":[100,100],"ix":3},"r":{"a":0,"k":0,"ix":6},"o":{"a":0,"k":100,"ix":7},"sk":{"a":0,"k":0,"ix":4},"sa":{"a":0,"k":0,"ix":5},"nm":"Transform"}],"nm":"Ellipse 1","np":3,"cix":2,"ix":1,"mn":"ADBE Vector Group","hd":false},{"ty":"gr","it":[{"d":1,"ty":"el","s":{"a":0,"k":[150,150],"ix":2},"p":{"a":0,"k":[0,0],"ix":3},"nm":"Ellipse Path 1","mn":"ADBE Vector Shape - Ellipse","hd":false},{"ty":"tr","p":{"a":0,"k":[0,0],"ix":2},"a":{"a":0,"k":[0,0],"ix":1},"s":{"a":0,"k":[100,100],"ix":3},"r":{"a":0,"k":0,"ix":6},"o":{"a":0,"k":100,"ix":7},"sk":{"a":0,"k":0,"ix":4},"sa":{"a":0,"k":0,"ix":5},"nm":"Transform"}],"nm":"Group 1","np":1,"cix":2,"ix":2,"mn":"ADBE Vector Group","hd":false}],"ip":0,"op":300.00001221925,"st":0,"bm":0},{"ddd":0,"ind":23,"ty":4,"nm":"Shape Layer 17","parent":20,"tt":1,"sr":1,"ks":{"o":{"a":0,"k":100,"ix":11},"r":{"a":0,"k":0,"ix":10},"p":{"a":0,"k":[-2,0,0],"ix":2},"a":{"a":0,"k":[0,0,0],"ix":1},"s":{"a":0,"k":[100,100,100],"ix":6}},"ao":0,"shapes":[{"ty":"gr","it":[{"d":1,"ty":"el","s":{"a":1,"k":[{"i":{"x":[0.376,0.667],"y":[1,1]},"o":{"x":[0.333,0.333],"y":[0,0]},"n":["0p376_1_0p333_0","0p667_1_0p333_0"],"t":10,"s":[150,150],"e":[109,150]},{"i":{"x":[0.376,0.667],"y":[1,1]},"o":{"x":[0.628,0.333],"y":[0,0]},"n":["0p376_1_0p628_0","0p667_1_0p333_0"],"t":50,"s":[109,150],"e":[109,150]},{"i":{"x":[0.667,0.667],"y":[1,1]},"o":{"x":[0.628,0.333],"y":[0,0]},"n":["0p667_1_0p628_0","0p667_1_0p333_0"],"t":70,"s":[109,150],"e":[150,150]},{"t":110.000004480392}],"ix":2},"p":{"a":0,"k":[0,0],"ix":3},"nm":"Ellipse Path 1","mn":"ADBE Vector Shape - Ellipse","hd":false},{"ty":"st","c":{"a":0,"k":[0,0.243137254902,0.345098039216,1],"ix":3},"o":{"a":0,"k":100,"ix":4},"w":{"a":0,"k":6,"ix":5},"lc":1,"lj":1,"ml":4,"ml2":{"a":0,"k":4,"ix":8},"nm":"Stroke 1","mn":"ADBE Vector Graphic - Stroke","hd":true},{"ty":"fl","c":{"a":0,"k":[0,0.099465254241,0.141176470588,1],"ix":4},"o":{"a":0,"k":100,"ix":5},"r":1,"nm":"Fill 1","mn":"ADBE Vector Graphic - Fill","hd":false},{"ty":"tr","p":{"a":0,"k":[-9,0],"ix":2},"a":{"a":0,"k":[0,0],"ix":1},"s":{"a":0,"k":[100,100],"ix":3},"r":{"a":0,"k":0,"ix":6},"o":{"a":0,"k":100,"ix":7},"sk":{"a":0,"k":0,"ix":4},"sa":{"a":0,"k":0,"ix":5},"nm":"Transform"}],"nm":"Ellipse 1","np":3,"cix":2,"ix":1,"mn":"ADBE Vector Group","hd":false}],"ip":0,"op":300.00001221925,"st":0,"bm":0},{"ddd":0,"ind":24,"ty":4,"nm":"Shape Layer 11","parent":23,"sr":1,"ks":{"o":{"a":0,"k":100,"ix":11},"r":{"a":0,"k":0,"ix":10},"p":{"a":0,"k":[-8.646,0,0],"ix":2},"a":{"a":0,"k":[0,0,0],"ix":1},"s":{"a":0,"k":[100,100,100],"ix":6}},"ao":0,"hasMask":true,"masksProperties":[{"inv":false,"mode":"a","pt":{"a":0,"k":{"i":[[20.556,1.985],[19.717,0.542],[0,0],[-18,-2],[-19.333,5.59]],"o":[[-20.283,-1.958],[-19.722,-0.542],[0,0],[24.784,2.754],[20.75,-6]],"v":[[33.25,62],[-15.5,59],[-46,60.5],[-21,73.5],[26.25,70.5]],"c":true},"ix":1},"o":{"a":0,"k":100,"ix":3},"x":{"a":0,"k":0,"ix":4},"nm":"Mask 1"}],"shapes":[{"ty":"gr","it":[{"d":1,"ty":"el","s":{"a":1,"k":[{"i":{"x":[0.376,0.667],"y":[1,1]},"o":{"x":[0.333,0.333],"y":[0,0]},"n":["0p376_1_0p333_0","0p667_1_0p333_0"],"t":10,"s":[150,150],"e":[109,150]},{"i":{"x":[0.376,0.667],"y":[1,1]},"o":{"x":[0.628,0.333],"y":[0,0]},"n":["0p376_1_0p628_0","0p667_1_0p333_0"],"t":50,"s":[109,150],"e":[109,150]},{"i":{"x":[0.667,0.667],"y":[1,1]},"o":{"x":[0.628,0.333],"y":[0,0]},"n":["0p667_1_0p628_0","0p667_1_0p333_0"],"t":70,"s":[109,150],"e":[150,150]},{"t":110.000004480392}],"ix":2},"p":{"a":0,"k":[0,0],"ix":3},"nm":"Ellipse Path 1","mn":"ADBE Vector Shape - Ellipse","hd":false},{"ty":"st","c":{"a":0,"k":[0,0.243137254902,0.345098039216,1],"ix":3},"o":{"a":0,"k":100,"ix":4},"w":{"a":0,"k":6,"ix":5},"lc":1,"lj":1,"ml":4,"ml2":{"a":0,"k":4,"ix":8},"nm":"Stroke 1","mn":"ADBE Vector Graphic - Stroke","hd":true},{"ty":"fl","c":{"a":0,"k":[0,1,0.866666666667,1],"ix":4},"o":{"a":0,"k":100,"ix":5},"r":1,"nm":"Fill 1","mn":"ADBE Vector Graphic - Fill","hd":false},{"ty":"tr","p":{"a":0,"k":[0,0],"ix":2},"a":{"a":0,"k":[0,0],"ix":1},"s":{"a":0,"k":[100,100],"ix":3},"r":{"a":0,"k":0,"ix":6},"o":{"a":0,"k":100,"ix":7},"sk":{"a":0,"k":0,"ix":4},"sa":{"a":0,"k":0,"ix":5},"nm":"Transform"}],"nm":"Ellipse 1","np":3,"cix":2,"ix":1,"mn":"ADBE Vector Group","hd":false}],"ip":0,"op":300.00001221925,"st":0,"bm":0},{"ddd":0,"ind":25,"ty":4,"nm":"Shape Layer 18","parent":1,"sr":1,"ks":{"o":{"a":0,"k":100,"ix":11},"r":{"a":0,"k":0,"ix":10},"p":{"s":true,"x":{"a":1,"k":[{"i":{"x":[0.667],"y":[1]},"o":{"x":[0.333],"y":[0]},"n":["0p667_1_0p333_0"],"t":10,"s":[-28],"e":[-28]},{"i":{"x":[0.667],"y":[1]},"o":{"x":[0.333],"y":[0]},"n":["0p667_1_0p333_0"],"t":50,"s":[-28],"e":[-28]},{"i":{"x":[0.667],"y":[1]},"o":{"x":[0.333],"y":[0]},"n":["0p667_1_0p333_0"],"t":70,"s":[-28],"e":[-28]},{"t":110.000004480392}],"ix":3},"y":{"a":0,"k":-3.792,"ix":4}},"a":{"a":0,"k":[0,0,0],"ix":1},"s":{"a":0,"k":[100,100,100],"ix":6}},"ao":0,"shapes":[{"ty":"gr","it":[{"d":1,"ty":"el","s":{"a":1,"k":[{"i":{"x":[0.667,0.667],"y":[1,1]},"o":{"x":[0.333,0.333],"y":[0,0]},"n":["0p667_1_0p333_0","0p667_1_0p333_0"],"t":10,"s":[150,150],"e":[109,150]},{"i":{"x":[0.667,0.667],"y":[1,1]},"o":{"x":[0.333,0.333],"y":[0,0]},"n":["0p667_1_0p333_0","0p667_1_0p333_0"],"t":50,"s":[109,150],"e":[109,150]},{"i":{"x":[0.667,0.667],"y":[1,1]},"o":{"x":[0.333,0.333],"y":[0,0]},"n":["0p667_1_0p333_0","0p667_1_0p333_0"],"t":70,"s":[109,150],"e":[150,150]},{"t":110.000004480392}],"ix":2},"p":{"a":0,"k":[0,0],"ix":3},"nm":"Ellipse Path 1","mn":"ADBE Vector Shape - Ellipse","hd":false},{"ty":"st","c":{"a":0,"k":[0,0.243137254902,0.345098039216,1],"ix":3},"o":{"a":0,"k":100,"ix":4},"w":{"a":0,"k":6,"ix":5},"lc":1,"lj":1,"ml":4,"ml2":{"a":0,"k":4,"ix":8},"nm":"Stroke 1","mn":"ADBE Vector Graphic - Stroke","hd":false},{"ty":"fl","c":{"a":0,"k":[0,0.729411525352,1,1],"ix":4},"o":{"a":0,"k":100,"ix":5},"r":1,"nm":"Fill 1","mn":"ADBE Vector Graphic - Fill","hd":true},{"ty":"tr","p":{"a":0,"k":[20,0],"ix":2},"a":{"a":0,"k":[0,0],"ix":1},"s":{"a":0,"k":[100,100],"ix":3},"r":{"a":0,"k":0,"ix":6},"o":{"a":0,"k":100,"ix":7},"sk":{"a":0,"k":0,"ix":4},"sa":{"a":0,"k":0,"ix":5},"nm":"Transform"}],"nm":"Ellipse 1","np":3,"cix":2,"ix":1,"mn":"ADBE Vector Group","hd":false}],"ip":0,"op":300.00001221925,"st":0,"bm":0},{"ddd":0,"ind":26,"ty":4,"nm":"Shape Layer 12","parent":25,"sr":1,"ks":{"o":{"a":0,"k":100,"ix":11},"r":{"a":0,"k":0,"ix":10},"p":{"a":0,"k":[19.5,0,0],"ix":2},"a":{"a":0,"k":[0,0,0],"ix":1},"s":{"a":0,"k":[100,100,100],"ix":6}},"ao":0,"hasMask":true,"masksProperties":[{"inv":false,"mode":"a","pt":{"a":0,"k":{"i":[[20.5,-2.5],[22.5,-1.458],[0,0],[-18,-2],[-19.333,5.59]],"o":[[-20.5,2.5],[-19.688,1.276],[0,0],[24.784,2.754],[20.75,-6]],"v":[[37.5,56],[-14.5,58.75],[-39.75,61.25],[-21,73.5],[26.25,70.5]],"c":true},"ix":1},"o":{"a":0,"k":100,"ix":3},"x":{"a":0,"k":0,"ix":4},"nm":"Mask 1"}],"shapes":[{"ty":"gr","it":[{"d":1,"ty":"el","s":{"a":1,"k":[{"i":{"x":[0.667,0.667],"y":[1,1]},"o":{"x":[0.333,0.333],"y":[0,0]},"n":["0p667_1_0p333_0","0p667_1_0p333_0"],"t":10,"s":[150,150],"e":[109,150]},{"i":{"x":[0.667,0.667],"y":[1,1]},"o":{"x":[0.333,0.333],"y":[0,0]},"n":["0p667_1_0p333_0","0p667_1_0p333_0"],"t":30,"s":[109,150],"e":[109,150]},{"i":{"x":[0.667,0.667],"y":[1,1]},"o":{"x":[0.333,0.333],"y":[0,0]},"n":["0p667_1_0p333_0","0p667_1_0p333_0"],"t":56.666,"s":[109,150],"e":[150,150]},{"t":110.000004480392}],"ix":2},"p":{"a":0,"k":[0,0],"ix":3},"nm":"Ellipse Path 1","mn":"ADBE Vector Shape - Ellipse","hd":false},{"ty":"st","c":{"a":0,"k":[0,0.243137254902,0.345098039216,1],"ix":3},"o":{"a":0,"k":100,"ix":4},"w":{"a":0,"k":6,"ix":5},"lc":1,"lj":1,"ml":4,"ml2":{"a":0,"k":4,"ix":8},"nm":"Stroke 1","mn":"ADBE Vector Graphic - Stroke","hd":true},{"ty":"fl","c":{"a":0,"k":[0,1,0.866666666667,1],"ix":4},"o":{"a":0,"k":100,"ix":5},"r":1,"nm":"Fill 1","mn":"ADBE Vector Graphic - Fill","hd":false},{"ty":"tr","p":{"a":0,"k":[0,0],"ix":2},"a":{"a":0,"k":[0,0],"ix":1},"s":{"a":0,"k":[100,100],"ix":3},"r":{"a":0,"k":0,"ix":6},"o":{"a":0,"k":100,"ix":7},"sk":{"a":0,"k":0,"ix":4},"sa":{"a":0,"k":0,"ix":5},"nm":"Transform"}],"nm":"Ellipse 1","np":3,"cix":2,"ix":1,"mn":"ADBE Vector Group","hd":false}],"ip":0,"op":300.00001221925,"st":0,"bm":0},{"ddd":0,"ind":27,"ty":4,"nm":"Shape Layer 27","sr":1,"ks":{"o":{"a":0,"k":20,"ix":11},"r":{"a":0,"k":0,"ix":10},"p":{"a":0,"k":[452,384,0],"ix":2},"a":{"a":0,"k":[0,0,0],"ix":1},"s":{"a":0,"k":[100,100,100],"ix":6}},"ao":0,"shapes":[{"ty":"gr","it":[{"ind":0,"ty":"sh","ix":1,"ks":{"a":0,"k":{"i":[[0,0],[0,0],[0,0],[0,0],[0,0],[0,0],[0,0],[0,0],[0,0],[0,0]],"o":[[0,0],[0,0],[0,0],[0,0],[0,0],[0,0],[0,0],[0,0],[0,0],[0,0]],"v":[[-135.5,35.5],[-114,35.5],[-114,59],[-209,59],[-209,92],[-125,92],[-125,119],[-228.5,119],[-228.5,149],[-110.5,149]],"c":false},"ix":2},"nm":"Path 1","mn":"ADBE Vector Shape - Group","hd":false},{"ty":"rd","nm":"Round Corners 1","r":{"a":0,"k":15,"ix":1},"ix":2,"mn":"ADBE Vector Filter - RC","hd":false},{"ty":"st","c":{"a":0,"k":[0,0.243137269862,0.349019607843,1],"ix":3},"o":{"a":0,"k":100,"ix":4},"w":{"a":0,"k":7,"ix":5},"lc":2,"lj":1,"ml":4,"ml2":{"a":0,"k":4,"ix":8},"d":[{"n":"d","nm":"dash","v":{"a":0,"k":201,"ix":1}},{"n":"g","nm":"gap","v":{"a":0,"k":85,"ix":2}},{"n":"o","nm":"offset","v":{"a":1,"k":[{"i":{"x":[0.833],"y":[0.833]},"o":{"x":[0.167],"y":[0.167]},"n":["0p833_0p833_0p167_0p167"],"t":0,"s":[0],"e":[332]},{"i":{"x":[0.833],"y":[0.833]},"o":{"x":[0.167],"y":[0.167]},"n":["0p833_0p833_0p167_0p167"],"t":59,"s":[332],"e":[0]},{"t":120.0000048877}],"ix":7}}],"nm":"Stroke 1","mn":"ADBE Vector Graphic - Stroke","hd":false},{"ty":"fl","c":{"a":0,"k":[1,0,0,1],"ix":4},"o":{"a":0,"k":100,"ix":5},"r":1,"nm":"Fill 1","mn":"ADBE Vector Graphic - Fill","hd":true},{"ty":"tr","p":{"a":0,"k":[0,0],"ix":2},"a":{"a":0,"k":[0,0],"ix":1},"s":{"a":0,"k":[100,100],"ix":3},"r":{"a":0,"k":0,"ix":6},"o":{"a":0,"k":100,"ix":7},"sk":{"a":0,"k":0,"ix":4},"sa":{"a":0,"k":0,"ix":5},"nm":"Transform"}],"nm":"Shape 1","np":4,"cix":2,"ix":1,"mn":"ADBE Vector Group","hd":false}],"ip":0,"op":300.00001221925,"st":0,"bm":0},{"ddd":0,"ind":28,"ty":4,"nm":"Shape Layer 26","sr":1,"ks":{"o":{"a":0,"k":20,"ix":11},"r":{"a":0,"k":0,"ix":10},"p":{"a":0,"k":[512,375,0],"ix":2},"a":{"a":0,"k":[0,0,0],"ix":1},"s":{"a":0,"k":[100,100,100],"ix":6}},"ao":0,"shapes":[{"ty":"gr","it":[{"ind":0,"ty":"sh","ix":1,"ks":{"a":0,"k":{"i":[[0,0],[0,0],[0,0],[0,0],[0,0],[0,0],[0,0],[0,0],[0,0],[0,0],[0,0],[0,0],[0,0]],"o":[[0,0],[0,0],[0,0],[0,0],[0,0],[0,0],[0,0],[0,0],[0,0],[0,0],[0,0],[0,0],[0,0]],"v":[[97,-156.5],[29,-156.5],[29,-125],[228.5,-125],[228.5,-94],[52,-94],[52,-61],[201,-61],[201,-27],[45,-27],[45,6],[245,6],[245,21]],"c":false},"ix":2},"nm":"Path 1","mn":"ADBE Vector Shape - Group","hd":false},{"ty":"st","c":{"a":0,"k":[0,0.243137269862,0.349019607843,1],"ix":3},"o":{"a":0,"k":100,"ix":4},"w":{"a":0,"k":7,"ix":5},"lc":2,"lj":1,"ml":4,"ml2":{"a":0,"k":4,"ix":8},"d":[{"n":"d","nm":"dash","v":{"a":0,"k":326,"ix":1}},{"n":"g","nm":"gap","v":{"a":0,"k":84,"ix":2}},{"n":"o","nm":"offset","v":{"a":1,"k":[{"i":{"x":[0.833],"y":[0.833]},"o":{"x":[0.167],"y":[0.167]},"n":["0p833_0p833_0p167_0p167"],"t":0,"s":[0],"e":[259]},{"i":{"x":[0.833],"y":[0.833]},"o":{"x":[0.167],"y":[0.167]},"n":["0p833_0p833_0p167_0p167"],"t":58,"s":[259],"e":[0]},{"t":120.0000048877}],"ix":7}}],"nm":"Stroke 1","mn":"ADBE Vector Graphic - Stroke","hd":false},{"ty":"fl","c":{"a":0,"k":[1,0,0,1],"ix":4},"o":{"a":0,"k":100,"ix":5},"r":1,"nm":"Fill 1","mn":"ADBE Vector Graphic - Fill","hd":true},{"ty":"tr","p":{"a":0,"k":[0,0],"ix":2},"a":{"a":0,"k":[0,0],"ix":1},"s":{"a":0,"k":[100,100],"ix":3},"r":{"a":0,"k":0,"ix":6},"o":{"a":0,"k":100,"ix":7},"sk":{"a":0,"k":0,"ix":4},"sa":{"a":0,"k":0,"ix":5},"nm":"Transform"}],"nm":"Shape 1","np":3,"cix":2,"ix":1,"mn":"ADBE Vector Group","hd":false},{"ty":"rd","nm":"Round Corners 1","r":{"a":0,"k":17,"ix":1},"ix":2,"mn":"ADBE Vector Filter - RC","hd":false}],"ip":0,"op":300.00001221925,"st":0,"bm":0},{"ddd":0,"ind":29,"ty":4,"nm":"Shape Layer 25","sr":1,"ks":{"o":{"a":0,"k":100,"ix":11},"r":{"a":0,"k":0,"ix":10},"p":{"a":0,"k":[512,381,0],"ix":2},"a":{"a":0,"k":[0,0,0],"ix":1},"s":{"a":0,"k":[100,100,100],"ix":6}},"ao":0,"shapes":[{"ty":"gr","it":[{"ind":0,"ty":"sh","ix":1,"ks":{"a":1,"k":[{"i":{"x":0.833,"y":0.833},"o":{"x":0.167,"y":0.167},"n":"0p833_0p833_0p167_0p167","t":10,"s":[{"i":[[26.5,-4],[14,-1.5],[-31,1],[0,0],[14.624,3.375]],"o":[[-26.5,4],[-14,1.5],[31,-1],[0,0],[-13,-3]],"v":[[-72,194.5],[-98.5,193.5],[-123.5,201.5],[-38,202],[-37,195]],"c":true}],"e":[{"i":[[26.399,4.62],[14,-1.5],[-31,1],[0,0],[14.624,3.375]],"o":[[-10,-1.75],[-14,1.5],[31,-1],[0,0],[-13,-3]],"v":[[-72,194.5],[-98.5,193.5],[-97,201],[-35.5,201],[-34.5,194]],"c":true}]},{"i":{"x":0.833,"y":0.833},"o":{"x":0.167,"y":0.167},"n":"0p833_0p833_0p167_0p167","t":99,"s":[{"i":[[26.399,4.62],[14,-1.5],[-31,1],[0,0],[14.624,3.375]],"o":[[-10,-1.75],[-14,1.5],[31,-1],[0,0],[-13,-3]],"v":[[-72,194.5],[-98.5,193.5],[-97,201],[-35.5,201],[-34.5,194]],"c":true}],"e":[{"i":[[26.5,-4],[14,-1.5],[-31,1],[0,0],[14.624,3.375]],"o":[[-26.5,4],[-14,1.5],[31,-1],[0,0],[-13,-3]],"v":[[-72,194.5],[-98.5,193.5],[-123.5,201.5],[-38,202],[-37,195]],"c":true}]},{"t":116.000004724777}],"ix":2},"nm":"Path 1","mn":"ADBE Vector Shape - Group","hd":false},{"ty":"st","c":{"a":0,"k":[1,1,1,1],"ix":3},"o":{"a":0,"k":100,"ix":4},"w":{"a":0,"k":7,"ix":5},"lc":1,"lj":1,"ml":4,"ml2":{"a":0,"k":4,"ix":8},"nm":"Stroke 1","mn":"ADBE Vector Graphic - Stroke","hd":true},{"ty":"fl","c":{"a":0,"k":[0,1,0.866666726505,1],"ix":4},"o":{"a":0,"k":100,"ix":5},"r":1,"nm":"Fill 1","mn":"ADBE Vector Graphic - Fill","hd":false},{"ty":"tr","p":{"a":0,"k":[180.5,0],"ix":2},"a":{"a":0,"k":[0,0],"ix":1},"s":{"a":0,"k":[100,100],"ix":3},"r":{"a":0,"k":0,"ix":6},"o":{"a":0,"k":100,"ix":7},"sk":{"a":0,"k":0,"ix":4},"sa":{"a":0,"k":0,"ix":5},"nm":"Transform"}],"nm":"Shape 2","np":3,"cix":2,"ix":1,"mn":"ADBE Vector Group","hd":false},{"ty":"gr","it":[{"ind":0,"ty":"sh","ix":1,"ks":{"a":0,"k":{"i":[[26.5,-4],[14,-1.5],[-31,1],[0,0],[14.624,3.375]],"o":[[-26.5,4],[-14,1.5],[31,-1],[0,0],[-13,-3]],"v":[[-116,191.5],[-163,193.5],[-158.5,201.5],[-46.5,201.5],[-20,198]],"c":true},"ix":2},"nm":"Path 1","mn":"ADBE Vector Shape - Group","hd":false},{"ty":"st","c":{"a":0,"k":[1,1,1,1],"ix":3},"o":{"a":0,"k":100,"ix":4},"w":{"a":0,"k":7,"ix":5},"lc":1,"lj":1,"ml":4,"ml2":{"a":0,"k":4,"ix":8},"nm":"Stroke 1","mn":"ADBE Vector Graphic - Stroke","hd":true},{"ty":"fl","c":{"a":0,"k":[0,1,0.866666726505,1],"ix":4},"o":{"a":0,"k":100,"ix":5},"r":1,"nm":"Fill 1","mn":"ADBE Vector Graphic - Fill","hd":false},{"ty":"tr","p":{"a":0,"k":[0,0],"ix":2},"a":{"a":0,"k":[0,0],"ix":1},"s":{"a":0,"k":[100,100],"ix":3},"r":{"a":0,"k":0,"ix":6},"o":{"a":0,"k":100,"ix":7},"sk":{"a":0,"k":0,"ix":4},"sa":{"a":0,"k":0,"ix":5},"nm":"Transform"}],"nm":"Shape 1","np":3,"cix":2,"ix":2,"mn":"ADBE Vector Group","hd":false}],"ip":0,"op":300.00001221925,"st":0,"bm":0},{"ddd":0,"ind":30,"ty":0,"nm":"Pre-comp 1","refId":"comp_0","sr":1,"ks":{"o":{"a":0,"k":50,"ix":11},"r":{"a":0,"k":0,"ix":10},"p":{"a":0,"k":[428,369,0],"ix":2},"a":{"a":0,"k":[88,198,0],"ix":1},"s":{"a":0,"k":[123.576,126.353,100],"ix":6}},"ao":0,"hasMask":true,"masksProperties":[{"inv":true,"mode":"a","pt":{"a":1,"k":[{"i":{"x":0.833,"y":0.833},"o":{"x":0.333,"y":0},"n":"0p833_0p833_0p333_0","t":10,"s":[{"i":[[29,6.243],[0,0],[2,-3.568],[-14,2.676],[0,0],[0,0]],"o":[[-29,-6.243],[0,0],[-2,3.568],[14,-2.676],[0,0],[0,0]],"v":[[285,229.216],[219,253.297],[205,254.189],[214,322.865],[242,321.973],[292,348.73]],"c":true}],"e":[{"i":[[29.628,-1.472],[0,0],[4.032,-0.685],[-32.741,1.784],[0,0],[0,0]],"o":[[-17.947,0.892],[0,0],[-47.241,8.027],[14.232,-0.775],[0,0],[0,0]],"v":[[186.447,229.216],[118.741,250.176],[104.741,251.068],[113.741,319.743],[141.741,318.851],[193.447,348.73]],"c":true}]},{"i":{"x":0.074,"y":1},"o":{"x":0.167,"y":0.167},"n":"0p074_1_0p167_0p167","t":29,"s":[{"i":[[29.628,-1.472],[0,0],[4.032,-0.685],[-32.741,1.784],[0,0],[0,0]],"o":[[-17.947,0.892],[0,0],[-47.241,8.027],[14.232,-0.775],[0,0],[0,0]],"v":[[186.447,229.216],[118.741,250.176],[104.741,251.068],[113.741,319.743],[141.741,318.851],[193.447,348.73]],"c":true}],"e":[{"i":[[29,6.243],[0,0],[2,-3.568],[-14,2.676],[0,0],[0,0]],"o":[[-29,-6.243],[0,0],[-2,3.568],[14,-2.676],[0,0],[0,0]],"v":[[165,229.216],[47,253.297],[33,254.189],[42,322.865],[70,321.973],[172,348.73]],"c":true}]},{"i":{"x":0.074,"y":1},"o":{"x":0.818,"y":0},"n":"0p074_1_0p818_0","t":50,"s":[{"i":[[29,6.243],[0,0],[2,-3.568],[-14,2.676],[0,0],[0,0]],"o":[[-29,-6.243],[0,0],[-2,3.568],[14,-2.676],[0,0],[0,0]],"v":[[165,229.216],[47,253.297],[33,254.189],[42,322.865],[70,321.973],[172,348.73]],"c":true}],"e":[{"i":[[29,6.243],[0,0],[2,-3.568],[-14,2.676],[0,0],[0,0]],"o":[[-29,-6.243],[0,0],[-2,3.568],[14,-2.676],[0,0],[0,0]],"v":[[165,229.216],[47,253.297],[33,254.189],[42,322.865],[70,321.973],[172,348.73]],"c":true}]},{"i":{"x":0.833,"y":0.833},"o":{"x":0.927,"y":0},"n":"0p833_0p833_0p927_0","t":70,"s":[{"i":[[29,6.243],[0,0],[2,-3.568],[-14,2.676],[0,0],[0,0]],"o":[[-29,-6.243],[0,0],[-2,3.568],[14,-2.676],[0,0],[0,0]],"v":[[165,229.216],[47,253.297],[33,254.189],[42,322.865],[70,321.973],[172,348.73]],"c":true}],"e":[{"i":[[29.628,-1.472],[0,0],[4.032,-0.685],[-32.741,1.784],[0,0],[0,0]],"o":[[-17.947,0.892],[0,0],[-47.241,8.027],[14.232,-0.775],[0,0],[0,0]],"v":[[186.447,229.216],[88.741,249.284],[74.741,250.176],[83.741,318.851],[135.741,329.554],[193.447,348.73]],"c":true}]},{"i":{"x":0.667,"y":1},"o":{"x":0.167,"y":0.167},"n":"0p667_1_0p167_0p167","t":88,"s":[{"i":[[29.628,-1.472],[0,0],[4.032,-0.685],[-32.741,1.784],[0,0],[0,0]],"o":[[-17.947,0.892],[0,0],[-47.241,8.027],[14.232,-0.775],[0,0],[0,0]],"v":[[186.447,229.216],[88.741,249.284],[74.741,250.176],[83.741,318.851],[135.741,329.554],[193.447,348.73]],"c":true}],"e":[{"i":[[29,6.243],[0,0],[2,-3.568],[-14,2.676],[0,0],[0,0]],"o":[[-29,-6.243],[0,0],[-2,3.568],[14,-2.676],[0,0],[0,0]],"v":[[285,229.216],[219,253.297],[205,254.189],[214,322.865],[242,321.973],[292,348.73]],"c":true}]},{"t":110.000004480392}],"ix":1},"o":{"a":0,"k":100,"ix":3},"x":{"a":0,"k":0,"ix":4},"nm":"Mask 1"}],"w":176,"h":396,"ip":0,"op":300.00001221925,"st":0,"bm":0},{"ddd":0,"ind":31,"ty":0,"nm":"Pre-comp 1","refId":"comp_0","sr":1,"ks":{"o":{"a":0,"k":20,"ix":11},"r":{"a":0,"k":0,"ix":10},"p":{"a":0,"k":[428,369,0],"ix":2},"a":{"a":0,"k":[88,198,0],"ix":1},"s":{"a":0,"k":[123.576,126.353,100],"ix":6}},"ao":0,"w":176,"h":396,"ip":0,"op":300.00001221925,"st":0,"bm":0}],"markers":[]}