{"v":"5.6.3","fr":25,"ip":0,"op":80,"w":696,"h":842,"nm":"Beer Bottle","ddd":0,"assets":[],"layers":[{"ddd":0,"ind":1,"ty":4,"nm":"Bubble7","sr":1,"ks":{"o":{"a":0,"k":100,"ix":11},"r":{"a":0,"k":0,"ix":10},"p":{"a":1,"k":[{"i":{"x":0.833,"y":0.833},"o":{"x":0.167,"y":0.167},"t":40,"s":[164,444,0],"to":[21.669,2.378,0],"ti":[-51.52,-5.471,0]},{"i":{"x":0.833,"y":0.833},"o":{"x":0.167,"y":0.167},"t":45,"s":[278.069,456.881,0],"to":[45.961,4.881,0],"ti":[-29.704,-4.008,0]},{"t":55,"s":[462,487,0]}],"ix":2},"a":{"a":0,"k":[4.25,4.25,0],"ix":1},"s":{"a":1,"k":[{"i":{"x":[0.667,0.667,0.667],"y":[1,1,1]},"o":{"x":[0.333,0.333,0.333],"y":[0,0,0]},"t":40,"s":[0,0,100]},{"t":55,"s":[100,100,100]}],"ix":6}},"ao":0,"shapes":[{"ty":"gr","it":[{"ind":0,"ty":"sh","ix":1,"ks":{"a":0,"k":{"i":[[0,-2.209],[2.209,0],[0,2.209],[-2.209,0]],"o":[[0,2.209],[-2.209,0],[0,-2.209],[2.209,0]],"v":[[4,0],[0,4],[-4,0],[0,-4]],"c":true},"ix":2},"nm":"Trazado 1","mn":"ADBE Vector Shape - Group","hd":false},{"ty":"fl","c":{"a":0,"k":[0.20800000359,0.588000009574,0.226999993418,1],"ix":4},"o":{"a":0,"k":100,"ix":5},"r":1,"bm":0,"nm":"Relleno 1","mn":"ADBE Vector Graphic - Fill","hd":false},{"ty":"tr","p":{"a":0,"k":[4.25,4.25],"ix":2},"a":{"a":0,"k":[0,0],"ix":1},"s":{"a":0,"k":[100,100],"ix":3},"r":{"a":0,"k":0,"ix":6},"o":{"a":0,"k":100,"ix":7},"sk":{"a":0,"k":0,"ix":4},"sa":{"a":0,"k":0,"ix":5},"nm":"Transformar"}],"nm":"Grupo 1","np":2,"cix":2,"bm":0,"ix":1,"mn":"ADBE Vector Group","hd":false}],"ip":40,"op":61,"st":40,"bm":0},{"ddd":0,"ind":2,"ty":4,"nm":"Bubble6","sr":1,"ks":{"o":{"a":0,"k":100,"ix":11},"r":{"a":0,"k":0,"ix":10},"p":{"a":1,"k":[{"i":{"x":0.833,"y":0.833},"o":{"x":0.167,"y":0.167},"t":40,"s":[176.5,404.5,0],"to":[23.176,2.544,0],"ti":[-52.681,-5.808,0]},{"i":{"x":0.833,"y":0.833},"o":{"x":0.167,"y":0.167},"t":45,"s":[290.497,418.111,0],"to":[40.517,4.467,0],"ti":[-38.692,-4.13,0]},{"t":55,"s":[450.5,435.5,0]}],"ix":2},"a":{"a":0,"k":[5.75,5.75,0],"ix":1},"s":{"a":1,"k":[{"i":{"x":[0.667,0.667,0.667],"y":[1,1,1]},"o":{"x":[0.333,0.333,0.333],"y":[0,0,0]},"t":42,"s":[0,0,100]},{"t":55,"s":[100,100,100]}],"ix":6}},"ao":0,"shapes":[{"ty":"gr","it":[{"ind":0,"ty":"sh","ix":1,"ks":{"a":0,"k":{"i":[[0,-3.038],[3.037,0],[0,3.038],[-3.037,0]],"o":[[0,3.038],[-3.037,0],[0,-3.038],[3.037,0]],"v":[[5.5,0],[0,5.5],[-5.5,0],[0,-5.5]],"c":true},"ix":2},"nm":"Trazado 1","mn":"ADBE Vector Shape - Group","hd":false},{"ty":"fl","c":{"a":0,"k":[0.20800000359,0.588000009574,0.226999993418,1],"ix":4},"o":{"a":0,"k":100,"ix":5},"r":1,"bm":0,"nm":"Relleno 1","mn":"ADBE Vector Graphic - Fill","hd":false},{"ty":"tr","p":{"a":0,"k":[5.75,5.75],"ix":2},"a":{"a":0,"k":[0,0],"ix":1},"s":{"a":0,"k":[100,100],"ix":3},"r":{"a":0,"k":0,"ix":6},"o":{"a":0,"k":100,"ix":7},"sk":{"a":0,"k":0,"ix":4},"sa":{"a":0,"k":0,"ix":5},"nm":"Transformar"}],"nm":"Grupo 1","np":2,"cix":2,"bm":0,"ix":1,"mn":"ADBE Vector Group","hd":false}],"ip":42,"op":59,"st":40,"bm":0},{"ddd":0,"ind":3,"ty":4,"nm":"Bubble5","sr":1,"ks":{"o":{"a":0,"k":100,"ix":11},"r":{"a":0,"k":0,"ix":10},"p":{"a":1,"k":[{"i":{"x":0.833,"y":0.833},"o":{"x":0.167,"y":0.167},"t":40,"s":[147.5,367.5,0],"to":[23.25,2.552,0],"ti":[-52.79,-5.638,0]},{"i":{"x":0.833,"y":0.833},"o":{"x":0.167,"y":0.167},"t":45,"s":[261.586,380.332,0],"to":[40.302,4.304,0],"ti":[-38.963,-4.979,0]},{"t":55,"s":[483.5,404.5,0]}],"ix":2},"a":{"a":0,"k":[9.75,9.75,0],"ix":1},"s":{"a":1,"k":[{"i":{"x":[0.667,0.667,0.667],"y":[1,1,1]},"o":{"x":[0.333,0.333,0.333],"y":[0,0,0]},"t":44,"s":[0,0,100]},{"t":55,"s":[100,100,100]}],"ix":6}},"ao":0,"shapes":[{"ty":"gr","it":[{"ind":0,"ty":"sh","ix":1,"ks":{"a":0,"k":{"i":[[0,-5.247],[5.247,0],[0,5.247],[-5.247,0]],"o":[[0,5.247],[-5.247,0],[0,-5.247],[5.247,0]],"v":[[9.5,0],[0,9.5],[-9.5,0],[0,-9.5]],"c":true},"ix":2},"nm":"Trazado 1","mn":"ADBE Vector Shape - Group","hd":false},{"ty":"fl","c":{"a":0,"k":[0.20800000359,0.588000009574,0.226999993418,1],"ix":4},"o":{"a":0,"k":100,"ix":5},"r":1,"bm":0,"nm":"Relleno 1","mn":"ADBE Vector Graphic - Fill","hd":false},{"ty":"tr","p":{"a":0,"k":[9.75,9.75],"ix":2},"a":{"a":0,"k":[0,0],"ix":1},"s":{"a":0,"k":[100,100],"ix":3},"r":{"a":0,"k":0,"ix":6},"o":{"a":0,"k":100,"ix":7},"sk":{"a":0,"k":0,"ix":4},"sa":{"a":0,"k":0,"ix":5},"nm":"Transformar"}],"nm":"Grupo 1","np":2,"cix":2,"bm":0,"ix":1,"mn":"ADBE Vector Group","hd":false}],"ip":44,"op":57,"st":40,"bm":0},{"ddd":0,"ind":4,"ty":4,"nm":"Bubble4","sr":1,"ks":{"o":{"a":0,"k":100,"ix":11},"r":{"a":0,"k":0,"ix":10},"p":{"a":1,"k":[{"i":{"x":0.833,"y":0.833},"o":{"x":0.167,"y":0.167},"t":40,"s":[159.5,317.5,0],"to":[23.787,2.611,0],"ti":[-53.485,-5.99,0]},{"i":{"x":0.833,"y":0.833},"o":{"x":0.167,"y":0.167},"t":45,"s":[273.438,331.572,0],"to":[38.703,4.334,0],"ti":[-41.563,-3.988,0]},{"t":55,"s":[507.5,360.5,0]}],"ix":2},"a":{"a":0,"k":[10.75,10.75,0],"ix":1},"s":{"a":1,"k":[{"i":{"x":[0.667,0.667,0.667],"y":[1,1,1]},"o":{"x":[0.333,0.333,0.333],"y":[0,0,0]},"t":45,"s":[0,0,100]},{"t":55,"s":[100,100,100]}],"ix":6}},"ao":0,"shapes":[{"ty":"gr","it":[{"ind":0,"ty":"sh","ix":1,"ks":{"a":0,"k":{"i":[[0,-5.799],[5.799,0],[0,5.799],[-5.799,0]],"o":[[0,5.799],[-5.799,0],[0,-5.799],[5.799,0]],"v":[[10.5,0],[0,10.5],[-10.5,0],[0,-10.5]],"c":true},"ix":2},"nm":"Trazado 1","mn":"ADBE Vector Shape - Group","hd":false},{"ty":"fl","c":{"a":0,"k":[0.20800000359,0.588000009574,0.226999993418,1],"ix":4},"o":{"a":0,"k":100,"ix":5},"r":1,"bm":0,"nm":"Relleno 1","mn":"ADBE Vector Graphic - Fill","hd":false},{"ty":"tr","p":{"a":0,"k":[10.75,10.75],"ix":2},"a":{"a":0,"k":[0,0],"ix":1},"s":{"a":0,"k":[100,100],"ix":3},"r":{"a":0,"k":0,"ix":6},"o":{"a":0,"k":100,"ix":7},"sk":{"a":0,"k":0,"ix":4},"sa":{"a":0,"k":0,"ix":5},"nm":"Transformar"}],"nm":"Grupo 1","np":2,"cix":2,"bm":0,"ix":1,"mn":"ADBE Vector Group","hd":false}],"ip":45,"op":55,"st":40,"bm":0},{"ddd":0,"ind":5,"ty":4,"nm":"Sonrisa","sr":1,"ks":{"o":{"a":0,"k":100,"ix":11},"r":{"a":1,"k":[{"i":{"x":[0.833],"y":[0.833]},"o":{"x":[0.167],"y":[0.167]},"t":0,"s":[0]},{"i":{"x":[0.833],"y":[0.833]},"o":{"x":[0.167],"y":[0.167]},"t":30,"s":[0]},{"i":{"x":[0.833],"y":[0.833]},"o":{"x":[0.167],"y":[0.167]},"t":40,"s":[-14]},{"i":{"x":[0.833],"y":[0.833]},"o":{"x":[0.167],"y":[0.167]},"t":50,"s":[-14]},{"i":{"x":[0.833],"y":[0.833]},"o":{"x":[0.167],"y":[0.167]},"t":60,"s":[-14]},{"i":{"x":[0.833],"y":[0.833]},"o":{"x":[0.167],"y":[0.167]},"t":70,"s":[-2]},{"t":80,"s":[-14]}],"ix":10},"p":{"a":1,"k":[{"i":{"x":0.833,"y":0.833},"o":{"x":0.167,"y":0.167},"t":0,"s":[367.833,598.71,0],"to":[0,0,0],"ti":[0,0,0]},{"i":{"x":0.833,"y":0.833},"o":{"x":0.167,"y":0.167},"t":12,"s":[417.033,632.31,0],"to":[0,0,0],"ti":[0,0,0]},{"i":{"x":0.833,"y":0.833},"o":{"x":0.167,"y":0.167},"t":20,"s":[439.833,644.71,0],"to":[0,0,0],"ti":[0,0,0]},{"i":{"x":0.833,"y":0.833},"o":{"x":0.167,"y":0.167},"t":30,"s":[320.832,627.042,0],"to":[0,0,0],"ti":[0,0,0]},{"i":{"x":0.833,"y":0.833},"o":{"x":0.167,"y":0.167},"t":40,"s":[245.828,601.374,0],"to":[0,0,0],"ti":[0,0,0]},{"i":{"x":0.833,"y":0.833},"o":{"x":0.167,"y":0.167},"t":50,"s":[276.341,600.708,0],"to":[0,0,0],"ti":[0,0,0]},{"i":{"x":0.833,"y":0.833},"o":{"x":0.167,"y":0.167},"t":52,"s":[438.042,634.175,0],"to":[0,0,0],"ti":[0,0,0]},{"i":{"x":0.833,"y":0.833},"o":{"x":0.167,"y":0.167},"t":60,"s":[459.844,643.042,0],"to":[0,0,0],"ti":[0,0,0]},{"t":80,"s":[367.833,598.71,0]}],"ix":2},"a":{"a":0,"k":[43.264,15.896,0],"ix":1},"s":{"a":0,"k":[100,100,100],"ix":6}},"ao":0,"shapes":[{"ty":"gr","it":[{"ind":0,"ty":"sh","ix":1,"ks":{"a":1,"k":[{"i":{"x":0.667,"y":1},"o":{"x":0.167,"y":0.167},"t":0,"s":[{"i":[[10.286,0],[1.186,0.647],[-2.642,4.849],[-4.847,-2.631],[-20.448,13.864],[-3.101,-4.571],[4.571,-3.099]],"o":[[-22.028,0],[-4.85,-2.642],[2.64,-4.845],[0.569,0.305],[4.57,-3.101],[3.1,4.572],[-9.757,6.616]],"v":[[6.374,15.646],[-36.374,4.556],[-40.372,-9.01],[-26.82,-13.014],[26.024,-9.803],[39.913,-7.139],[37.249,6.751]],"c":true}]},{"i":{"x":0.667,"y":1},"o":{"x":0.333,"y":0},"t":8,"s":[{"i":[[10.286,0],[1.186,0.647],[-2.642,4.849],[-4.847,-2.631],[-20.448,13.864],[-3.101,-4.571],[4.571,-3.099]],"o":[[-22.028,0],[-4.85,-2.642],[2.64,-4.845],[0.569,0.305],[4.57,-3.101],[3.1,4.572],[-9.757,6.616]],"v":[[6.374,15.646],[-36.374,4.556],[-40.372,-9.01],[-26.82,-13.014],[26.024,-9.803],[39.913,-7.139],[37.249,6.751]],"c":true}]},{"i":{"x":0.833,"y":0.833},"o":{"x":0.333,"y":0},"t":12,"s":[{"i":[[0.783,-7.027],[3.054,-1.615],[3.008,1.39],[0.957,2.244],[-0.291,3.301],[-2.787,1.604],[-3.208,-0.829]],"o":[[-0.367,3.293],[-3.054,1.615],[-5.075,-2.345],[-0.957,-2.244],[0.267,-3.03],[2.787,-1.603],[6.417,1.658]],"v":[[-17.274,0.885],[-23.088,8.58],[-32.865,9.25],[-41.196,2.656],[-41.479,-5.372],[-36.375,-12.573],[-26.858,-13.986]],"c":true}]},{"i":{"x":0.833,"y":0.833},"o":{"x":0.167,"y":0.167},"t":20,"s":[{"i":[[0.783,-7.027],[3.054,-1.615],[3.008,1.39],[0.957,2.244],[-0.291,3.301],[-2.787,1.604],[-3.208,-0.829]],"o":[[-0.367,3.293],[-3.054,1.615],[-5.075,-2.345],[-0.957,-2.244],[0.267,-3.03],[2.787,-1.603],[6.417,1.658]],"v":[[-17.274,0.885],[-23.088,8.58],[-32.865,9.25],[-41.196,2.656],[-41.479,-5.372],[-36.375,-12.573],[-26.858,-13.986]],"c":true}]},{"i":{"x":0.833,"y":0.833},"o":{"x":0.167,"y":0.167},"t":28,"s":[{"i":[[0.783,-7.027],[3.054,-1.615],[3.008,1.39],[0.957,2.244],[-0.291,3.301],[-2.787,1.604],[-3.208,-0.829]],"o":[[-0.367,3.293],[-3.054,1.615],[-5.075,-2.345],[-0.957,-2.244],[0.267,-3.03],[2.787,-1.603],[6.417,1.658]],"v":[[-17.274,0.885],[-23.088,8.58],[-32.865,9.25],[-41.196,2.656],[-41.479,-5.372],[-36.375,-12.573],[-26.858,-13.986]],"c":true}]},{"i":{"x":0.833,"y":0.833},"o":{"x":0.167,"y":0.167},"t":30,"s":[{"i":[[2.979,0],[1.825,1.42],[0.41,-0.134],[1.703,5.248],[-5.245,1.711],[-30.836,-23.984],[3.391,-4.36]],"o":[[-2.146,0],[-22.423,-17.44],[-5.249,1.693],[-1.702,-5.248],[2.083,-0.679],[4.36,3.391],[-1.971,2.534]],"v":[[41.187,26.233],[35.053,24.126],[-28.72,19.745],[-41.311,13.316],[-34.906,0.725],[47.333,8.339],[49.087,22.372]],"c":true}]},{"i":{"x":0.833,"y":0.833},"o":{"x":0.167,"y":0.167},"t":40,"s":[{"i":[[2.979,0],[1.825,1.42],[0.41,-0.134],[1.703,5.248],[-5.245,1.711],[-30.836,-23.984],[3.391,-4.36]],"o":[[-2.146,0],[-22.423,-17.44],[-5.249,1.693],[-1.702,-5.248],[2.083,-0.679],[4.36,3.391],[-1.971,2.534]],"v":[[41.187,26.233],[35.053,24.126],[-28.72,19.745],[-41.311,13.316],[-34.906,0.725],[47.333,8.339],[49.087,22.372]],"c":true}]},{"i":{"x":0.833,"y":0.833},"o":{"x":0.167,"y":0.167},"t":42,"s":[{"i":[[10.286,0],[1.186,0.647],[-2.642,4.849],[-4.847,-2.631],[-20.448,13.864],[-3.101,-4.571],[4.571,-3.099]],"o":[[-22.028,0],[-4.85,-2.642],[2.64,-4.845],[0.569,0.305],[4.57,-3.101],[3.1,4.572],[-9.757,6.616]],"v":[[6.374,15.646],[-36.374,4.556],[-40.372,-9.01],[-26.82,-13.014],[26.024,-9.803],[39.913,-7.139],[37.249,6.751]],"c":true}]},{"i":{"x":0.667,"y":1},"o":{"x":0.167,"y":0.167},"t":50,"s":[{"i":[[10.286,0],[1.186,0.647],[-2.642,4.849],[-4.847,-2.631],[-20.448,13.864],[-3.101,-4.571],[4.571,-3.099]],"o":[[-22.028,0],[-4.85,-2.642],[2.64,-4.845],[0.569,0.305],[4.57,-3.101],[3.1,4.572],[-9.757,6.616]],"v":[[109.246,74.274],[66.498,63.184],[62.501,49.619],[76.053,45.614],[128.897,48.826],[142.786,51.49],[140.122,65.379]],"c":true}]},{"i":{"x":0.667,"y":1},"o":{"x":0.333,"y":0},"t":52,"s":[{"i":[[0.783,-7.027],[3.054,-1.615],[3.008,1.39],[0.957,2.244],[-0.291,3.301],[-2.787,1.604],[-3.208,-0.829]],"o":[[-0.367,3.293],[-3.054,1.615],[-5.075,-2.345],[-0.957,-2.244],[0.267,-3.03],[2.787,-1.603],[6.417,1.658]],"v":[[-17.274,0.885],[-23.088,8.58],[-32.865,9.25],[-41.196,2.656],[-41.479,-5.372],[-36.375,-12.573],[-26.858,-13.986]],"c":true}]},{"i":{"x":0.833,"y":0.833},"o":{"x":0.333,"y":0},"t":68,"s":[{"i":[[0.783,-7.027],[3.054,-1.615],[3.008,1.39],[0.957,2.244],[-0.291,3.301],[-2.787,1.604],[-3.208,-0.829]],"o":[[-0.367,3.293],[-3.054,1.615],[-5.075,-2.345],[-0.957,-2.244],[0.267,-3.03],[2.787,-1.603],[6.417,1.658]],"v":[[-17.274,0.885],[-23.088,8.58],[-32.865,9.25],[-41.196,2.656],[-41.479,-5.372],[-36.375,-12.573],[-26.858,-13.986]],"c":true}]},{"i":{"x":0.833,"y":0.833},"o":{"x":0.167,"y":0.167},"t":70,"s":[{"i":[[10.286,0],[1.186,0.647],[-2.642,4.849],[-4.847,-2.631],[-20.448,13.864],[-3.101,-4.571],[4.571,-3.099]],"o":[[-22.028,0],[-4.85,-2.642],[2.64,-4.845],[0.569,0.305],[4.57,-3.101],[3.1,4.572],[-9.757,6.616]],"v":[[6.374,15.646],[-36.374,4.556],[-40.372,-9.01],[-26.82,-13.014],[26.024,-9.803],[39.913,-7.139],[37.249,6.751]],"c":true}]},{"t":80,"s":[{"i":[[10.286,0],[1.186,0.647],[-2.642,4.849],[-4.847,-2.631],[-20.448,13.864],[-3.101,-4.571],[4.571,-3.099]],"o":[[-22.028,0],[-4.85,-2.642],[2.64,-4.845],[0.569,0.305],[4.57,-3.101],[3.1,4.572],[-9.757,6.616]],"v":[[6.374,15.646],[-36.374,4.556],[-40.372,-9.01],[-26.82,-13.014],[26.024,-9.803],[39.913,-7.139],[37.249,6.751]],"c":true}]}],"ix":2},"nm":"Trazado 1","mn":"ADBE Vector Shape - Group","hd":false},{"ty":"fl","c":{"a":0,"k":[0.165000002992,0.184000007779,0.144999994016,1],"ix":4},"o":{"a":0,"k":100,"ix":5},"r":1,"bm":0,"nm":"Relleno 1","mn":"ADBE Vector Graphic - Fill","hd":false},{"ty":"tr","p":{"a":0,"k":[43.263,15.896],"ix":2},"a":{"a":0,"k":[0,0],"ix":1},"s":{"a":0,"k":[100,100],"ix":3},"r":{"a":0,"k":0,"ix":6},"o":{"a":0,"k":100,"ix":7},"sk":{"a":0,"k":0,"ix":4},"sa":{"a":0,"k":0,"ix":5},"nm":"Transformar"}],"nm":"Grupo 1","np":2,"cix":2,"bm":0,"ix":1,"mn":"ADBE Vector Group","hd":false}],"ip":0,"op":80,"st":0,"bm":0},{"ddd":0,"ind":6,"ty":4,"nm":"RightEye","sr":1,"ks":{"o":{"a":0,"k":100,"ix":11},"r":{"a":1,"k":[{"i":{"x":[0.833],"y":[0.833]},"o":{"x":[0.167],"y":[0.167]},"t":0,"s":[0]},{"i":{"x":[0.833],"y":[0.833]},"o":{"x":[0.167],"y":[0.167]},"t":25,"s":[0]},{"i":{"x":[0.833],"y":[0.833]},"o":{"x":[0.167],"y":[0.167]},"t":40,"s":[-28]},{"i":{"x":[0.833],"y":[0.833]},"o":{"x":[0.167],"y":[0.167]},"t":60,"s":[0]},{"t":80,"s":[0]}],"ix":10},"p":{"a":1,"k":[{"i":{"x":0.833,"y":0.833},"o":{"x":0.167,"y":0.167},"t":0,"s":[452.152,576.729,0],"to":[8.667,8.667,0],"ti":[25.333,7,0]},{"i":{"x":0.833,"y":0.833},"o":{"x":0.167,"y":0.167},"t":20,"s":[504.152,628.729,0],"to":[-25.333,-7,0],"ti":[0,0,0]},{"i":{"x":0.833,"y":0.833},"o":{"x":0.167,"y":0.167},"t":40,"s":[300.152,534.729,0],"to":[0,0,0],"ti":[-51.472,-23.717,0]},{"i":{"x":0.833,"y":0.833},"o":{"x":0.167,"y":0.167},"t":50,"s":[454.153,579.729,0],"to":[42.94,19.786,0],"ti":[-15.464,-7.125,0]},{"i":{"x":0.833,"y":0.833},"o":{"x":0.167,"y":0.167},"t":60,"s":[504.152,628.729,0],"to":[34,15.667,0],"ti":[8.667,8.667,0]},{"t":80,"s":[452.152,576.729,0]}],"ix":2},"a":{"a":0,"k":[17.359,16.092,0],"ix":1},"s":{"a":0,"k":[100,100,100],"ix":6}},"ao":0,"shapes":[{"ty":"gr","it":[{"ind":0,"ty":"sh","ix":1,"ks":{"a":0,"k":{"i":[[0.942,0.244],[0.497,0.728],[0.136,0.074],[0.189,1.045],[-0.697,0.801],[-26.375,6.119],[-0.438,-1.884],[1.883,-0.436],[5.151,-1.464],[-3.767,-5.516],[1.597,-1.089]],"o":[[-0.792,-0.205],[-5.455,-7.989],[-0.933,-0.507],[-0.187,-1.045],[0.773,-0.888],[1.884,-0.438],[0.437,1.883],[-6.785,1.575],[4.951,3.297],[1.089,1.596],[-0.868,0.593]],"v":[[6.13,15.598],[4.116,14.183],[-15.148,-1.371],[-16.922,-3.826],[-16.116,-6.745],[12.472,-15.404],[16.672,-12.786],[14.054,-8.586],[-5.459,-3.636],[9.898,10.236],[8.98,15.1]],"c":true},"ix":2},"nm":"Trazado 1","mn":"ADBE Vector Shape - Group","hd":false},{"ty":"fl","c":{"a":0,"k":[0.165000002992,0.184000007779,0.144999994016,1],"ix":4},"o":{"a":0,"k":100,"ix":5},"r":1,"bm":0,"nm":"Relleno 1","mn":"ADBE Vector Graphic - Fill","hd":false},{"ty":"tr","p":{"a":0,"k":[17.359,16.092],"ix":2},"a":{"a":0,"k":[0,0],"ix":1},"s":{"a":0,"k":[100,100],"ix":3},"r":{"a":0,"k":0,"ix":6},"o":{"a":0,"k":100,"ix":7},"sk":{"a":0,"k":0,"ix":4},"sa":{"a":0,"k":0,"ix":5},"nm":"Transformar"}],"nm":"Grupo 1","np":2,"cix":2,"bm":0,"ix":1,"mn":"ADBE Vector Group","hd":false}],"ip":0,"op":80,"st":0,"bm":0},{"ddd":0,"ind":7,"ty":4,"nm":"LeftEye","sr":1,"ks":{"o":{"a":0,"k":100,"ix":11},"r":{"a":1,"k":[{"i":{"x":[0.833],"y":[0.833]},"o":{"x":[0.167],"y":[0.167]},"t":0,"s":[0]},{"i":{"x":[0.833],"y":[0.833]},"o":{"x":[0.167],"y":[0.167]},"t":25,"s":[0]},{"i":{"x":[0.833],"y":[0.833]},"o":{"x":[0.167],"y":[0.167]},"t":40,"s":[-44]},{"i":{"x":[0.833],"y":[0.833]},"o":{"x":[0.167],"y":[0.167]},"t":60,"s":[0]},{"t":80,"s":[0]}],"ix":10},"p":{"a":1,"k":[{"i":{"x":0.833,"y":0.833},"o":{"x":0.167,"y":0.167},"t":0,"s":[321.656,554.416,0],"to":[11,4,0],"ti":[26.667,-2.667,0]},{"i":{"x":0.833,"y":0.833},"o":{"x":0.167,"y":0.167},"t":20,"s":[387.656,578.416,0],"to":[-26.667,2.667,0],"ti":[0,0,0]},{"i":{"x":0.833,"y":0.833},"o":{"x":0.167,"y":0.167},"t":40,"s":[161.656,570.416,0],"to":[0,0,0],"ti":[-57.023,-2.019,0]},{"i":{"x":0.833,"y":0.833},"o":{"x":0.167,"y":0.167},"t":50,"s":[306.656,574.416,0],"to":[47.57,1.684,0],"ti":[-17.131,-0.606,0]},{"i":{"x":0.833,"y":0.833},"o":{"x":0.167,"y":0.167},"t":60,"s":[387.656,578.416,0],"to":[37.667,1.333,0],"ti":[11,4,0]},{"t":80,"s":[321.656,554.416,0]}],"ix":2},"a":{"a":0,"k":[14.623,14.662,0],"ix":1},"s":{"a":0,"k":[100,100,100],"ix":6}},"ao":0,"shapes":[{"ty":"gr","it":[{"ind":0,"ty":"sh","ix":1,"ks":{"a":0,"k":{"i":[[0.419,0.108],[0.187,1.462],[-1.917,0.245],[-3.889,1.644],[2.432,1.496],[-1.012,1.647],[-1.645,-1.013],[-4.696,-7.967],[0.269,-0.927],[0.858,-0.44],[11.162,-1.433]],"o":[[-1.345,-0.348],[-0.246,-1.917],[6.226,-0.8],[-3.9,-4.386],[-1.647,-1.013],[1.013,-1.645],[0.504,0.309],[0.488,0.831],[-0.268,0.925],[-0.459,0.235],[-0.455,0.058]],"v":[[-11.531,14.272],[-14.127,11.327],[-11.101,7.411],[5.358,2.63],[-6.984,-7.437],[-8.132,-12.252],[-3.317,-13.399],[13.759,2.241],[14.104,4.994],[12.339,7.133],[-10.211,14.354]],"c":true},"ix":2},"nm":"Trazado 1","mn":"ADBE Vector Shape - Group","hd":false},{"ty":"fl","c":{"a":0,"k":[0.165000002992,0.184000007779,0.144999994016,1],"ix":4},"o":{"a":0,"k":100,"ix":5},"r":1,"bm":0,"nm":"Relleno 1","mn":"ADBE Vector Graphic - Fill","hd":false},{"ty":"tr","p":{"a":0,"k":[14.623,14.662],"ix":2},"a":{"a":0,"k":[0,0],"ix":1},"s":{"a":0,"k":[100,100],"ix":3},"r":{"a":0,"k":0,"ix":6},"o":{"a":0,"k":100,"ix":7},"sk":{"a":0,"k":0,"ix":4},"sa":{"a":0,"k":0,"ix":5},"nm":"Transformar"}],"nm":"Grupo 1","np":2,"cix":2,"bm":0,"ix":1,"mn":"ADBE Vector Group","hd":false}],"ip":0,"op":80,"st":0,"bm":0},{"ddd":0,"ind":8,"ty":4,"nm":"Bubble10","sr":1,"ks":{"o":{"a":0,"k":100,"ix":11},"r":{"a":0,"k":0,"ix":10},"p":{"a":1,"k":[{"i":{"x":0.833,"y":0.833},"o":{"x":0.167,"y":0.167},"t":58,"s":[599,65,0],"to":[-8,-3.333,0],"ti":[8,3.333,0]},{"t":68,"s":[551,45,0]}],"ix":2},"a":{"a":0,"k":[21.25,21.25,0],"ix":1},"s":{"a":1,"k":[{"i":{"x":[0.833,0.833,0.833],"y":[0.833,0.833,0.833]},"o":{"x":[0.167,0.167,0.167],"y":[0.167,0.167,0.167]},"t":58,"s":[0,0,100]},{"t":68,"s":[100,100,100]}],"ix":6}},"ao":0,"shapes":[{"ty":"gr","it":[{"ind":0,"ty":"sh","ix":1,"ks":{"a":0,"k":{"i":[[0,-11.598],[11.598,0],[0,11.598],[-11.598,0]],"o":[[0,11.598],[-11.598,0],[0,-11.598],[11.598,0]],"v":[[21,0],[0,21],[-21,0],[0,-21]],"c":true},"ix":2},"nm":"Trazado 1","mn":"ADBE Vector Shape - Group","hd":false},{"ty":"fl","c":{"a":0,"k":[0.922000002394,0.905999995213,0.847000002394,1],"ix":4},"o":{"a":0,"k":100,"ix":5},"r":1,"bm":0,"nm":"Relleno 1","mn":"ADBE Vector Graphic - Fill","hd":false},{"ty":"tr","p":{"a":0,"k":[21.25,21.25],"ix":2},"a":{"a":0,"k":[0,0],"ix":1},"s":{"a":0,"k":[100,100],"ix":3},"r":{"a":0,"k":0,"ix":6},"o":{"a":0,"k":100,"ix":7},"sk":{"a":0,"k":0,"ix":4},"sa":{"a":0,"k":0,"ix":5},"nm":"Transformar"}],"nm":"Grupo 1","np":2,"cix":2,"bm":0,"ix":1,"mn":"ADBE Vector Group","hd":false}],"ip":58,"op":69,"st":48,"bm":0},{"ddd":0,"ind":9,"ty":4,"nm":"Bubble9","sr":1,"ks":{"o":{"a":0,"k":100,"ix":11},"r":{"a":0,"k":0,"ix":10},"p":{"a":1,"k":[{"i":{"x":0.833,"y":0.833},"o":{"x":0.167,"y":0.167},"t":58,"s":[649,142,0],"to":[-8,-3.333,0],"ti":[8,3.333,0]},{"t":68,"s":[601,122,0]}],"ix":2},"a":{"a":0,"k":[16.25,16.25,0],"ix":1},"s":{"a":1,"k":[{"i":{"x":[0.833,0.833,0.833],"y":[0.833,0.833,0.833]},"o":{"x":[0.167,0.167,0.167],"y":[0.167,0.167,0.167]},"t":58,"s":[0,0,100]},{"t":68,"s":[100,100,100]}],"ix":6}},"ao":0,"shapes":[{"ty":"gr","it":[{"ind":0,"ty":"sh","ix":1,"ks":{"a":0,"k":{"i":[[0,-8.836],[8.837,0],[0,8.836],[-8.837,0]],"o":[[0,8.836],[-8.837,0],[0,-8.836],[8.837,0]],"v":[[16,0],[0,16],[-16,0],[0,-16]],"c":true},"ix":2},"nm":"Trazado 1","mn":"ADBE Vector Shape - Group","hd":false},{"ty":"fl","c":{"a":0,"k":[0.922000002394,0.905999995213,0.847000002394,1],"ix":4},"o":{"a":0,"k":100,"ix":5},"r":1,"bm":0,"nm":"Relleno 1","mn":"ADBE Vector Graphic - Fill","hd":false},{"ty":"tr","p":{"a":0,"k":[16.25,16.25],"ix":2},"a":{"a":0,"k":[0,0],"ix":1},"s":{"a":0,"k":[100,100],"ix":3},"r":{"a":0,"k":0,"ix":6},"o":{"a":0,"k":100,"ix":7},"sk":{"a":0,"k":0,"ix":4},"sa":{"a":0,"k":0,"ix":5},"nm":"Transformar"}],"nm":"Grupo 1","np":2,"cix":2,"bm":0,"ix":1,"mn":"ADBE Vector Group","hd":false}],"ip":58,"op":69,"st":48,"bm":0},{"ddd":0,"ind":10,"ty":4,"nm":"Bubble8","sr":1,"ks":{"o":{"a":0,"k":100,"ix":11},"r":{"a":0,"k":0,"ix":10},"p":{"a":1,"k":[{"i":{"x":0.833,"y":0.833},"o":{"x":0.167,"y":0.167},"t":58,"s":[615,205,0],"to":[-8,-3.333,0],"ti":[8,3.333,0]},{"t":68,"s":[567,185,0]}],"ix":2},"a":{"a":0,"k":[5.25,5.25,0],"ix":1},"s":{"a":1,"k":[{"i":{"x":[0.833,0.833,0.833],"y":[0.833,0.833,0.833]},"o":{"x":[0.167,0.167,0.167],"y":[0.167,0.167,0.167]},"t":58,"s":[0,0,100]},{"t":68,"s":[100,100,100]}],"ix":6}},"ao":0,"shapes":[{"ty":"gr","it":[{"ind":0,"ty":"sh","ix":1,"ks":{"a":0,"k":{"i":[[0,-2.761],[2.762,0],[0,2.761],[-2.762,0]],"o":[[0,2.761],[-2.762,0],[0,-2.761],[2.762,0]],"v":[[5,0],[0,5],[-5,0],[0,-5]],"c":true},"ix":2},"nm":"Trazado 1","mn":"ADBE Vector Shape - Group","hd":false},{"ty":"fl","c":{"a":0,"k":[0.922000002394,0.905999995213,0.847000002394,1],"ix":4},"o":{"a":0,"k":100,"ix":5},"r":1,"bm":0,"nm":"Relleno 1","mn":"ADBE Vector Graphic - Fill","hd":false},{"ty":"tr","p":{"a":0,"k":[5.25,5.25],"ix":2},"a":{"a":0,"k":[0,0],"ix":1},"s":{"a":0,"k":[100,100],"ix":3},"r":{"a":0,"k":0,"ix":6},"o":{"a":0,"k":100,"ix":7},"sk":{"a":0,"k":0,"ix":4},"sa":{"a":0,"k":0,"ix":5},"nm":"Transformar"}],"nm":"Grupo 1","np":2,"cix":2,"bm":0,"ix":1,"mn":"ADBE Vector Group","hd":false}],"ip":58,"op":69,"st":48,"bm":0},{"ddd":0,"ind":11,"ty":4,"nm":"Bubble3","sr":1,"ks":{"o":{"a":0,"k":100,"ix":11},"r":{"a":0,"k":0,"ix":10},"p":{"a":1,"k":[{"i":{"x":0.833,"y":0.833},"o":{"x":0.167,"y":0.167},"t":0,"s":[519,45,0],"to":[12,3.333,0],"ti":[-12,-3.333,0]},{"t":20,"s":[591,65,0]}],"ix":2},"a":{"a":0,"k":[21.25,21.25,0],"ix":1},"s":{"a":1,"k":[{"i":{"x":[0.833,0.833,0.833],"y":[0.833,0.833,0.833]},"o":{"x":[0.167,0.167,0.167],"y":[0.167,0.167,0.167]},"t":10,"s":[0,0,100]},{"t":20,"s":[100,100,100]}],"ix":6}},"ao":0,"shapes":[{"ty":"gr","it":[{"ind":0,"ty":"sh","ix":1,"ks":{"a":0,"k":{"i":[[0,-11.598],[11.598,0],[0,11.598],[-11.598,0]],"o":[[0,11.598],[-11.598,0],[0,-11.598],[11.598,0]],"v":[[21,0],[0,21],[-21,0],[0,-21]],"c":true},"ix":2},"nm":"Trazado 1","mn":"ADBE Vector Shape - Group","hd":false},{"ty":"fl","c":{"a":0,"k":[0.922000002394,0.905999995213,0.847000002394,1],"ix":4},"o":{"a":0,"k":100,"ix":5},"r":1,"bm":0,"nm":"Relleno 1","mn":"ADBE Vector Graphic - Fill","hd":false},{"ty":"tr","p":{"a":0,"k":[21.25,21.25],"ix":2},"a":{"a":0,"k":[0,0],"ix":1},"s":{"a":0,"k":[100,100],"ix":3},"r":{"a":0,"k":0,"ix":6},"o":{"a":0,"k":100,"ix":7},"sk":{"a":0,"k":0,"ix":4},"sa":{"a":0,"k":0,"ix":5},"nm":"Transformar"}],"nm":"Grupo 1","np":2,"cix":2,"bm":0,"ix":1,"mn":"ADBE Vector Group","hd":false}],"ip":10,"op":21,"st":0,"bm":0},{"ddd":0,"ind":12,"ty":4,"nm":"Bubble2","sr":1,"ks":{"o":{"a":0,"k":100,"ix":11},"r":{"a":0,"k":0,"ix":10},"p":{"a":1,"k":[{"i":{"x":0.833,"y":0.833},"o":{"x":0.167,"y":0.167},"t":0,"s":[569,122,0],"to":[12,3.333,0],"ti":[-12,-3.333,0]},{"t":20,"s":[641,142,0]}],"ix":2},"a":{"a":0,"k":[16.25,16.25,0],"ix":1},"s":{"a":1,"k":[{"i":{"x":[0.833,0.833,0.833],"y":[0.833,0.833,0.833]},"o":{"x":[0.167,0.167,0.167],"y":[0.167,0.167,0.167]},"t":5,"s":[0,0,100]},{"t":20,"s":[100,100,100]}],"ix":6}},"ao":0,"shapes":[{"ty":"gr","it":[{"ind":0,"ty":"sh","ix":1,"ks":{"a":0,"k":{"i":[[0,-8.836],[8.837,0],[0,8.836],[-8.837,0]],"o":[[0,8.836],[-8.837,0],[0,-8.836],[8.837,0]],"v":[[16,0],[0,16],[-16,0],[0,-16]],"c":true},"ix":2},"nm":"Trazado 1","mn":"ADBE Vector Shape - Group","hd":false},{"ty":"fl","c":{"a":0,"k":[0.922000002394,0.905999995213,0.847000002394,1],"ix":4},"o":{"a":0,"k":100,"ix":5},"r":1,"bm":0,"nm":"Relleno 1","mn":"ADBE Vector Graphic - Fill","hd":false},{"ty":"tr","p":{"a":0,"k":[16.25,16.25],"ix":2},"a":{"a":0,"k":[0,0],"ix":1},"s":{"a":0,"k":[100,100],"ix":3},"r":{"a":0,"k":0,"ix":6},"o":{"a":0,"k":100,"ix":7},"sk":{"a":0,"k":0,"ix":4},"sa":{"a":0,"k":0,"ix":5},"nm":"Transformar"}],"nm":"Grupo 1","np":2,"cix":2,"bm":0,"ix":1,"mn":"ADBE Vector Group","hd":false}],"ip":5,"op":21,"st":0,"bm":0},{"ddd":0,"ind":13,"ty":4,"nm":"Bubble1","sr":1,"ks":{"o":{"a":0,"k":100,"ix":11},"r":{"a":0,"k":0,"ix":10},"p":{"a":1,"k":[{"i":{"x":0.833,"y":0.833},"o":{"x":0.167,"y":0.167},"t":0,"s":[535,185,0],"to":[12,3.333,0],"ti":[-12,-3.333,0]},{"t":20,"s":[607,205,0]}],"ix":2},"a":{"a":0,"k":[5.25,5.25,0],"ix":1},"s":{"a":1,"k":[{"i":{"x":[0.833,0.833,0.833],"y":[0.833,0.833,0.833]},"o":{"x":[0.167,0.167,0.167],"y":[0.167,0.167,0.167]},"t":0,"s":[0,0,100]},{"t":20,"s":[100,100,100]}],"ix":6}},"ao":0,"shapes":[{"ty":"gr","it":[{"ind":0,"ty":"sh","ix":1,"ks":{"a":0,"k":{"i":[[0,-2.761],[2.762,0],[0,2.761],[-2.762,0]],"o":[[0,2.761],[-2.762,0],[0,-2.761],[2.762,0]],"v":[[5,0],[0,5],[-5,0],[0,-5]],"c":true},"ix":2},"nm":"Trazado 1","mn":"ADBE Vector Shape - Group","hd":false},{"ty":"fl","c":{"a":0,"k":[0.922000002394,0.905999995213,0.847000002394,1],"ix":4},"o":{"a":0,"k":100,"ix":5},"r":1,"bm":0,"nm":"Relleno 1","mn":"ADBE Vector Graphic - Fill","hd":false},{"ty":"tr","p":{"a":0,"k":[5.25,5.25],"ix":2},"a":{"a":0,"k":[0,0],"ix":1},"s":{"a":0,"k":[100,100],"ix":3},"r":{"a":0,"k":0,"ix":6},"o":{"a":0,"k":100,"ix":7},"sk":{"a":0,"k":0,"ix":4},"sa":{"a":0,"k":0,"ix":5},"nm":"Transformar"}],"nm":"Grupo 1","np":2,"cix":2,"bm":0,"ix":1,"mn":"ADBE Vector Group","hd":false}],"ip":0,"op":21,"st":0,"bm":0},{"ddd":0,"ind":14,"ty":4,"nm":"Bottle","sr":1,"ks":{"o":{"a":0,"k":100,"ix":11},"r":{"a":1,"k":[{"i":{"x":[0.667],"y":[1]},"o":{"x":[0.333],"y":[0]},"t":0,"s":[0]},{"i":{"x":[0.667],"y":[1]},"o":{"x":[0.333],"y":[0]},"t":20,"s":[7]},{"i":{"x":[0.667],"y":[1]},"o":{"x":[0.167],"y":[0]},"t":40,"s":[-31]},{"i":{"x":[0.667],"y":[1]},"o":{"x":[0.167],"y":[0]},"t":60,"s":[7]},{"t":80,"s":[0]}],"ix":10},"p":{"a":1,"k":[{"i":{"x":0.2,"y":0.437},"o":{"x":0.333,"y":0},"t":0,"s":[269.273,695.538,0],"to":[8.333,2,0],"ti":[13.833,-5.833,0]},{"i":{"x":0.03,"y":0.713},"o":{"x":0.81,"y":0.417},"t":20,"s":[319.273,707.538,0],"to":[-13.833,5.833,0],"ti":[0,0,0]},{"i":{"x":0.2,"y":0.763},"o":{"x":0.167,"y":0},"t":40,"s":[186.273,730.538,0],"to":[0,0,0],"ti":[-13.833,5.833,0]},{"i":{"x":0.667,"y":1},"o":{"x":0.167,"y":0.204},"t":60,"s":[319.273,707.538,0],"to":[13.833,-5.833,0],"ti":[8.333,2,0]},{"t":80,"s":[269.273,695.538,0]}],"ix":2},"a":{"a":0,"k":[-1.448,493.893,0],"ix":1},"s":{"a":0,"k":[100,100,100],"ix":6}},"ao":0,"shapes":[{"ty":"gr","it":[{"ind":0,"ty":"sh","ix":1,"ks":{"a":0,"k":{"i":[[0,0],[-132.467,5.011],[0,0],[67.597,70.147]],"o":[[0,0],[0,0],[0,0],[0,0]],"v":[[-79.361,-110.108],[118.148,-59.059],[79.361,91.01],[-118.148,39.961]],"c":true},"ix":2},"nm":"Trazado 1","mn":"ADBE Vector Shape - Group","hd":false},{"ty":"fl","c":{"a":0,"k":[0.922000002394,0.905999995213,0.847000002394,1],"ix":4},"o":{"a":0,"k":100,"ix":5},"r":1,"bm":0,"nm":"Relleno 1","mn":"ADBE Vector Graphic - Fill","hd":false},{"ty":"tr","p":{"a":0,"k":[126.589,396.397],"ix":2},"a":{"a":0,"k":[0,0],"ix":1},"s":{"a":0,"k":[100,100],"ix":3},"r":{"a":0,"k":0,"ix":6},"o":{"a":0,"k":100,"ix":7},"sk":{"a":0,"k":0,"ix":4},"sa":{"a":0,"k":0,"ix":5},"nm":"Transformar"}],"nm":"Grupo 1","np":2,"cix":2,"bm":0,"ix":1,"mn":"ADBE Vector Group","hd":false},{"ty":"gr","it":[{"ind":0,"ty":"sh","ix":1,"ks":{"a":0,"k":{"i":[[-124.043,-10.172],[55.503,5.05],[11.421,27.74],[0,0]],"o":[[0,0],[-55.502,-5.049],[0,0],[0,0]],"v":[[79.823,6.615],[16.667,41.735],[-79.823,-24.518],[-74.068,-46.786]],"c":true},"ix":2},"nm":"Trazado 1","mn":"ADBE Vector Shape - Group","hd":false},{"ty":"fl","c":{"a":0,"k":[0.620000023935,0.838999968884,0.33300000359,1],"ix":4},"o":{"a":0,"k":100,"ix":5},"r":1,"bm":0,"nm":"Relleno 1","mn":"ADBE Vector Graphic - Fill","hd":false},{"ty":"tr","p":{"a":0,"k":[82.509,483.144],"ix":2},"a":{"a":0,"k":[0,0],"ix":1},"s":{"a":0,"k":[100,100],"ix":3},"r":{"a":0,"k":0,"ix":6},"o":{"a":0,"k":100,"ix":7},"sk":{"a":0,"k":0,"ix":4},"sa":{"a":0,"k":0,"ix":5},"nm":"Transformar"}],"nm":"Grupo 2","np":2,"cix":2,"bm":0,"ix":2,"mn":"ADBE Vector Group","hd":false},{"ty":"gr","it":[{"ind":0,"ty":"sh","ix":1,"ks":{"a":0,"k":{"i":[[0,0],[0,0],[0,0],[5.582,-3.29],[15.602,-0.091],[0,0],[27.802,49.835],[-1.287,15.273],[-76,-13]],"o":[[0,0],[0,0],[-1.621,6.273],[-13.443,7.921],[0,0],[0,0],[-5.762,-10.33],[0,0],[58.013,9.923]],"v":[[58.933,-13.598],[102.85,-15.674],[95.122,14.224],[83.872,29.158],[39.527,41.391],[28.178,41.457],[-97.088,-5.379],[-100.415,-44.455],[-7.821,19.274]],"c":true},"ix":2},"nm":"Trazado 1","mn":"ADBE Vector Shape - Group","hd":false},{"ty":"fl","c":{"a":0,"k":[0.20800000359,0.588000009574,0.226999993418,1],"ix":4},"o":{"a":0,"k":100,"ix":5},"r":1,"bm":0,"nm":"Relleno 1","mn":"ADBE Vector Graphic - Fill","hd":false},{"ty":"tr","p":{"a":0,"k":[103.1,503.081],"ix":2},"a":{"a":0,"k":[0,0],"ix":1},"s":{"a":0,"k":[100,100],"ix":3},"r":{"a":0,"k":0,"ix":6},"o":{"a":0,"k":100,"ix":7},"sk":{"a":0,"k":0,"ix":4},"sa":{"a":0,"k":0,"ix":5},"nm":"Transformar"}],"nm":"Grupo 3","np":2,"cix":2,"bm":0,"ix":3,"mn":"ADBE Vector Group","hd":false},{"ty":"gr","it":[{"ind":0,"ty":"sh","ix":1,"ks":{"a":0,"k":{"i":[[3.244,-5.999],[3.77,-0.12],[1.202,0.104],[0.288,0.085],[0,0],[-0.013,-0.551],[2.891,-2.393],[5.134,3.516],[0,0],[0.911,0.235],[-0.184,-7.278],[1.469,-1.687],[-1.654,-5.592],[0,0],[2.589,9.965],[0.007,1.892],[-2.417,8.072],[-1.634,4.401],[0,0],[-0.984,4.848],[-0.029,0.994],[-1.616,4.055],[0,0],[0,0],[-0.573,1.019],[-0.003,0.01],[-0.128,4.171],[0.203,1.973],[0.206,2.521],[0.581,1.668],[-1.101,4.259],[0.005,0.301],[0.007,0.012],[0.056,0.263],[1.229,0.359],[0.41,0.168],[1.838,1.839],[0.195,1.208],[-0.4,1.869],[-0.918,1.075],[0,0],[-1.512,1.53],[-2.629,0.901],[-2.67,-0.939],[0,0],[-5.592,1.654],[-4.877,-2.231],[-3.924,-6.519],[1.372,-3.952]],"o":[[-2.184,4.053],[-0.881,0.692],[-0.275,-0.02],[0,0],[0.076,0.546],[0.082,3.398],[-5.052,4.199],[0,0],[-3.141,-0.151],[-2.904,-0.751],[0.185,7.278],[-1.469,1.686],[1.653,5.591],[0,0],[-0.346,-1.34],[-1.648,-8.214],[1.349,-4.496],[0,0],[0.344,-2.607],[0.029,-0.953],[0.114,-4.556],[0,0],[0.252,-1.174],[0,0],[0.003,-0.009],[1.443,-3.706],[0.062,-1.998],[-1.3,-4.281],[-0.471,-1.692],[-3.381,-2.785],[0.082,-0.32],[0.003,-0.01],[-0.024,-0.264],[-0.465,-0.719],[-0.441,-0.134],[-2.01,-0.654],[-1.192,-1.185],[-0.778,-1.502],[0.308,-1.429],[2.795,-5.981],[-0.046,-3.42],[1.311,-2.398],[2.738,-0.924],[3.923,0.167],[0,0],[2.917,-0.857],[6.657,1.297],[2.365,3.917],[5.041,2.914]],"v":[[38.996,-34.594],[29.581,-28.899],[26.422,-27.907],[25.572,-28.055],[25.456,-28.085],[25.589,-26.439],[21.582,-17.291],[4.497,-18.484],[4.486,-18.487],[-2.024,-19.312],[-4.809,-4.539],[-11.598,25.725],[-13.329,60.395],[-21.238,79.008],[-37.697,74.754],[-38.206,69.85],[-37.219,45.048],[-32.135,31.933],[-32.133,31.923],[-29.924,19.821],[-29.84,16.899],[-26.617,4.191],[-26.614,4.181],[-26.207,2.324],[-25.232,0.707],[-25.214,0.68],[-22.388,-10.973],[-22.612,-16.939],[-24.65,-27.319],[-26.239,-32.357],[-29.469,-44.997],[-29.353,-45.928],[-29.355,-45.96],[-29.484,-46.737],[-32.124,-48.194],[-33.391,-48.645],[-39.081,-52.285],[-41.064,-55.886],[-41.839,-60.878],[-39.943,-64.654],[-27.804,-71.422],[-25.276,-78.68],[-19.09,-83.795],[-10.79,-83.539],[-5.187,-79.003],[1.557,-73.129],[15.134,-69.63],[32.504,-61.226],[33.765,-48.96]],"c":true},"ix":2},"nm":"Trazado 1","mn":"ADBE Vector Shape - Group","hd":false},{"ty":"fl","c":{"a":0,"k":[0.922000002394,0.905999995213,0.847000002394,1],"ix":4},"o":{"a":0,"k":100,"ix":5},"r":1,"bm":0,"nm":"Relleno 1","mn":"ADBE Vector Graphic - Fill","hd":false},{"ty":"tr","p":{"a":0,"k":[242.615,84.969],"ix":2},"a":{"a":0,"k":[0,0],"ix":1},"s":{"a":0,"k":[100,100],"ix":3},"r":{"a":0,"k":0,"ix":6},"o":{"a":0,"k":100,"ix":7},"sk":{"a":0,"k":0,"ix":4},"sa":{"a":0,"k":0,"ix":5},"nm":"Transformar"}],"nm":"Grupo 4","np":2,"cix":2,"bm":0,"ix":4,"mn":"ADBE Vector Group","hd":false},{"ty":"gr","it":[{"ind":0,"ty":"sh","ix":1,"ks":{"a":0,"k":{"i":[[0,0],[0,0],[0.519,-1.002],[9.133,-3.949],[9.129,-14.939],[0.913,-3.532],[0,0],[-105.229,-4.475],[0.62,13.587],[11.085,9.062],[1.071,6.05],[-0.313,1.957],[0,0]],"o":[[0,0],[-0.579,0.969],[-3.063,5.92],[-9.157,3.959],[-1.902,3.113],[0,0],[0,0],[0,0],[-0.619,-13.588],[-8.357,-6.832],[-0.346,-1.951],[0,0],[0,0]],"v":[[59.812,-143.619],[-6.585,-32.487],[-8.232,-29.534],[-33.042,3.837],[-68.472,27.003],[-72.619,37.075],[-87.361,94.116],[68.201,143.619],[83.432,88.683],[74.23,56.351],[61.595,30.336],[61.556,24.435],[87.361,-136.499]],"c":true},"ix":2},"nm":"Trazado 1","mn":"ADBE Vector Shape - Group","hd":false},{"ty":"fl","c":{"a":0,"k":[0.620000023935,0.838999968884,0.33300000359,1],"ix":4},"o":{"a":0,"k":100,"ix":5},"r":1,"bm":0,"nm":"Relleno 1","mn":"ADBE Vector Graphic - Fill","hd":false},{"ty":"tr","p":{"a":0,"k":[134.589,192.173],"ix":2},"a":{"a":0,"k":[0,0],"ix":1},"s":{"a":0,"k":[100,100],"ix":3},"r":{"a":0,"k":0,"ix":6},"o":{"a":0,"k":100,"ix":7},"sk":{"a":0,"k":0,"ix":4},"sa":{"a":0,"k":0,"ix":5},"nm":"Transformar"}],"nm":"Grupo 5","np":2,"cix":2,"bm":0,"ix":5,"mn":"ADBE Vector Group","hd":false},{"ty":"gr","it":[{"ind":0,"ty":"sh","ix":1,"ks":{"a":0,"k":{"i":[[0,0],[0,0],[0,0],[-4.809,-5.375],[2.068,-15.992],[0,0],[17.928,2.568],[0,0],[0.489,7.089],[5.924,7.411],[0,0],[0,0],[0.926,13.433],[-0.201,1.055]],"o":[[0,0],[0,0],[0,0],[4.808,5.374],[-2.068,15.991],[0,0],[0,0],[1.779,-6.879],[-0.653,-9.465],[0,0],[0,0],[-7.231,-11.358],[-0.074,-1.072],[0,0]],"v":[[-6.137,-141.399],[16.13,-135.643],[11.578,9.847],[15.005,36.554],[33.138,74.292],[17.089,140.379],[-24.859,138.832],[-14.281,97.905],[-12.334,76.816],[-22.434,50.899],[-22.701,50.564],[-22.702,50.564],[-35.132,12.786],[-34.941,9.583]],"c":true},"ix":2},"nm":"Trazado 1","mn":"ADBE Vector Shape - Group","hd":false},{"ty":"fl","c":{"a":0,"k":[0.20800000359,0.588000009574,0.226999993418,1],"ix":4},"o":{"a":0,"k":100,"ix":5},"r":1,"bm":0,"nm":"Relleno 1","mn":"ADBE Vector Graphic - Fill","hd":false},{"ty":"tr","p":{"a":0,"k":[227.648,196.96],"ix":2},"a":{"a":0,"k":[0,0],"ix":1},"s":{"a":0,"k":[100,100],"ix":3},"r":{"a":0,"k":0,"ix":6},"o":{"a":0,"k":100,"ix":7},"sk":{"a":0,"k":0,"ix":4},"sa":{"a":0,"k":0,"ix":5},"nm":"Transformar"}],"nm":"Grupo 6","np":2,"cix":2,"bm":0,"ix":6,"mn":"ADBE Vector Group","hd":false},{"ty":"gr","it":[{"ind":0,"ty":"sh","ix":1,"ks":{"a":0,"k":{"i":[[6.417,1.658],[0,0],[-1.658,6.417],[-6.417,-1.659],[0,0],[1.659,-6.416],[0,0]],"o":[[0,0],[-6.416,-1.658],[1.658,-6.416],[0,0],[6.417,1.658],[0,0],[-1.658,6.416]],"v":[[20.233,17.624],[-26.24,5.613],[-34.855,-9.009],[-20.234,-17.624],[26.239,-5.611],[34.854,9.009],[34.854,9.009]],"c":true},"ix":2},"nm":"Trazado 1","mn":"ADBE Vector Shape - Group","hd":false},{"ty":"fl","c":{"a":0,"k":[0.20800000359,0.588000009574,0.226999993418,1],"ix":4},"o":{"a":0,"k":100,"ix":5},"r":1,"bm":0,"nm":"Relleno 1","mn":"ADBE Vector Graphic - Fill","hd":false},{"ty":"tr","p":{"a":0,"k":[223.545,43.692],"ix":2},"a":{"a":0,"k":[0,0],"ix":1},"s":{"a":0,"k":[100,100],"ix":3},"r":{"a":0,"k":0,"ix":6},"o":{"a":0,"k":100,"ix":7},"sk":{"a":0,"k":0,"ix":4},"sa":{"a":0,"k":0,"ix":5},"nm":"Transformar"}],"nm":"Grupo 7","np":2,"cix":2,"bm":0,"ix":7,"mn":"ADBE Vector Group","hd":false}],"ip":0,"op":80,"st":0,"bm":0},{"ddd":0,"ind":15,"ty":4,"nm":"LeftLeg","sr":1,"ks":{"o":{"a":0,"k":100,"ix":11},"r":{"a":1,"k":[{"i":{"x":[0.833],"y":[0.833]},"o":{"x":[0.167],"y":[0.167]},"t":0,"s":[0]},{"i":{"x":[0.833],"y":[0.833]},"o":{"x":[0.167],"y":[0.167]},"t":4,"s":[0]},{"i":{"x":[0.833],"y":[0.833]},"o":{"x":[0.167],"y":[0.167]},"t":10,"s":[14]},{"i":{"x":[0.833],"y":[0.833]},"o":{"x":[0.167],"y":[0.167]},"t":25,"s":[14]},{"i":{"x":[0.833],"y":[0.833]},"o":{"x":[0.167],"y":[0.167]},"t":30,"s":[-59]},{"i":{"x":[0.833],"y":[0.833]},"o":{"x":[0.167],"y":[0.167]},"t":40,"s":[-20]},{"i":{"x":[0.833],"y":[0.833]},"o":{"x":[0.167],"y":[0.167]},"t":60,"s":[1]},{"t":80,"s":[0]}],"ix":10},"p":{"a":1,"k":[{"i":{"x":0.833,"y":0.833},"o":{"x":0.167,"y":0.167},"t":0,"s":[294.087,757.017,0],"to":[0,0,0],"ti":[0,0,0]},{"i":{"x":0.833,"y":0.833},"o":{"x":0.167,"y":0.167},"t":5,"s":[294.087,757.017,0],"to":[0,0,0],"ti":[0,0,0]},{"i":{"x":0.833,"y":0.833},"o":{"x":0.167,"y":0.167},"t":10,"s":[332.587,765.517,0],"to":[0,0,0],"ti":[0,0,0]},{"i":{"x":0.833,"y":0.833},"o":{"x":0.167,"y":0.167},"t":25,"s":[332.587,765.517,0],"to":[0,0,0],"ti":[0,0,0]},{"i":{"x":0.833,"y":0.833},"o":{"x":0.167,"y":0.167},"t":30,"s":[276.587,749.517,0],"to":[0,0,0],"ti":[0,0,0]},{"i":{"x":0.833,"y":0.833},"o":{"x":0.167,"y":0.167},"t":40,"s":[240.587,754.517,0],"to":[0,0,0],"ti":[0,0,0]},{"i":{"x":0.833,"y":0.833},"o":{"x":0.167,"y":0.167},"t":60,"s":[335.587,763.517,0],"to":[0,0,0],"ti":[0,0,0]},{"t":80,"s":[294.087,757.017,0]}],"ix":2},"a":{"a":0,"k":[37.099,34.623,0],"ix":1},"s":{"a":0,"k":[100,100,100],"ix":6}},"ao":0,"shapes":[{"ty":"gr","it":[{"ind":0,"ty":"sh","ix":1,"ks":{"a":0,"k":{"i":[[0.632,0.164],[0.16,2.899],[-3.585,0.198],[0,0],[0,0],[-2.964,-2.025],[2.024,-2.965],[0,0],[2.019,-0.111],[0,0]],"o":[[-2.668,-0.689],[-0.198,-3.584],[0,0],[0,0],[2.024,-2.965],[2.965,2.024],[0,0],[-1.139,1.669],[0,0],[-0.686,0.037]],"v":[[-31.788,34.14],[-36.651,28.203],[-30.517,21.355],[-10.668,20.26],[24.089,-30.645],[33.122,-32.348],[34.824,-23.315],[-1.741,30.239],[-6.75,33.064],[-29.802,34.336]],"c":true},"ix":2},"nm":"Trazado 1","mn":"ADBE Vector Shape - Group","hd":false},{"ty":"fl","c":{"a":0,"k":[0.165000002992,0.184000007779,0.144999994016,1],"ix":4},"o":{"a":0,"k":100,"ix":5},"r":1,"bm":0,"nm":"Relleno 1","mn":"ADBE Vector Graphic - Fill","hd":false},{"ty":"tr","p":{"a":0,"k":[37.098,34.623],"ix":2},"a":{"a":0,"k":[0,0],"ix":1},"s":{"a":0,"k":[100,100],"ix":3},"r":{"a":0,"k":0,"ix":6},"o":{"a":0,"k":100,"ix":7},"sk":{"a":0,"k":0,"ix":4},"sa":{"a":0,"k":0,"ix":5},"nm":"Transformar"}],"nm":"Grupo 1","np":2,"cix":2,"bm":0,"ix":1,"mn":"ADBE Vector Group","hd":false}],"ip":0,"op":80,"st":0,"bm":0},{"ddd":0,"ind":16,"ty":4,"nm":"RightHand","sr":1,"ks":{"o":{"a":0,"k":100,"ix":11},"r":{"a":1,"k":[{"i":{"x":[0.667],"y":[1]},"o":{"x":[0.333],"y":[0]},"t":0,"s":[0]},{"i":{"x":[0.833],"y":[1]},"o":{"x":[0.333],"y":[0]},"t":20,"s":[-55]},{"i":{"x":[0.833],"y":[1]},"o":{"x":[0.167],"y":[0]},"t":40,"s":[-55]},{"i":{"x":[0.667],"y":[1]},"o":{"x":[0.167],"y":[0]},"t":60,"s":[-19]},{"t":80,"s":[0]}],"ix":10},"p":{"a":1,"k":[{"i":{"x":0.667,"y":1},"o":{"x":0.333,"y":0},"t":0,"s":[486.034,642.001,0],"to":[0,0,0],"ti":[0,0,0]},{"i":{"x":0.49,"y":0.858},"o":{"x":0.302,"y":0},"t":20,"s":[538.034,662.001,0],"to":[0,0,0],"ti":[0,0,0]},{"i":{"x":0.668,"y":0.615},"o":{"x":0.387,"y":0.02},"t":40,"s":[324.35,549.276,0],"to":[0,0,0],"ti":[0,0,0]},{"i":{"x":0.556,"y":0.833},"o":{"x":0.259,"y":0.571},"t":49,"s":[462.888,604.098,0],"to":[0,0,0],"ti":[0,0,0]},{"i":{"x":0.667,"y":1},"o":{"x":0.436,"y":0.798},"t":60,"s":[540.497,660.623,0],"to":[0,0,0],"ti":[0,0,0]},{"t":80,"s":[486.034,642.001,0]}],"ix":2},"a":{"a":0,"k":[4.137,7.015,0],"ix":1},"s":{"a":0,"k":[100,100,100],"ix":6}},"ao":0,"shapes":[{"ty":"gr","it":[{"ind":0,"ty":"sh","ix":1,"ks":{"a":0,"k":{"i":[[0.86,0.223],[0.444,2.605],[0.179,0.076],[0,0],[0,0],[-11.148,-65.537],[3.538,-0.601]],"o":[[-2.404,-0.621],[-9.416,-55.357],[0.187,0.041],[0,0],[2.845,0.346],[0.602,3.539],[-0.933,0.159]],"v":[[12.254,38.993],[7.469,33.789],[-20.887,-26.408],[-20.6,-26.364],[-19.003,-39.265],[20.284,31.608],[14.967,39.106]],"c":true},"ix":2},"nm":"Trazado 1","mn":"ADBE Vector Shape - Group","hd":false},{"ty":"fl","c":{"a":0,"k":[0.165000002992,0.184000007779,0.144999994016,1],"ix":4},"o":{"a":0,"k":100,"ix":5},"r":1,"bm":0,"nm":"Relleno 1","mn":"ADBE Vector Graphic - Fill","hd":false},{"ty":"tr","p":{"a":0,"k":[21.137,39.515],"ix":2},"a":{"a":0,"k":[0,0],"ix":1},"s":{"a":0,"k":[100,100],"ix":3},"r":{"a":0,"k":0,"ix":6},"o":{"a":0,"k":100,"ix":7},"sk":{"a":0,"k":0,"ix":4},"sa":{"a":0,"k":0,"ix":5},"nm":"Transformar"}],"nm":"Grupo 1","np":2,"cix":2,"bm":0,"ix":1,"mn":"ADBE Vector Group","hd":false}],"ip":0,"op":80,"st":0,"bm":0},{"ddd":0,"ind":17,"ty":4,"nm":"LeftHand","sr":1,"ks":{"o":{"a":0,"k":100,"ix":11},"r":{"a":1,"k":[{"i":{"x":[0.667],"y":[1]},"o":{"x":[0.333],"y":[0]},"t":0,"s":[0]},{"i":{"x":[0.833],"y":[1]},"o":{"x":[0.333],"y":[0]},"t":20,"s":[49]},{"i":{"x":[0.576],"y":[0.752]},"o":{"x":[0.17],"y":[0]},"t":40,"s":[-45]},{"i":{"x":[0.836],"y":[1]},"o":{"x":[0.408],"y":[3.356]},"t":49,"s":[1.003]},{"i":{"x":[0.667],"y":[1]},"o":{"x":[0.167],"y":[0]},"t":60,"s":[5]},{"t":80,"s":[0]}],"ix":10},"p":{"a":1,"k":[{"i":{"x":0.667,"y":1},"o":{"x":0.333,"y":0},"t":0,"s":[299.949,571.706,0],"to":[0,0,0],"ti":[0,0,0]},{"i":{"x":0.49,"y":0.845},"o":{"x":0.302,"y":0},"t":20,"s":[367.449,591.206,0],"to":[0,0,0],"ti":[0,0,0]},{"i":{"x":0.668,"y":0.662},"o":{"x":0.387,"y":0.025},"t":40,"s":[145.878,599.574,0],"to":[0,0,0],"ti":[0,0,0]},{"i":{"x":0.556,"y":0.767},"o":{"x":0.259,"y":0.716},"t":49,"s":[298.305,598.04,0],"to":[0,0,0],"ti":[0,0,0]},{"i":{"x":0.667,"y":1},"o":{"x":0.436,"y":0.545},"t":60,"s":[366.796,592.098,0],"to":[0,0,0],"ti":[0,0,0]},{"t":80,"s":[299.949,571.706,0]}],"ix":2},"a":{"a":0,"k":[88.085,23.507,0],"ix":1},"s":{"a":0,"k":[100,100,100],"ix":6}},"ao":0,"shapes":[{"ty":"gr","it":[{"ind":0,"ty":"sh","ix":1,"ks":{"a":0,"k":{"i":[[29.627,7.658],[13.876,9.65],[-2.05,2.947],[-2.948,-2.051],[-0.313,0.161],[-1.651,-3.188],[3.187,-1.651]],"o":[[-11.406,-2.948],[-2.947,-2.049],[2.049,-2.947],[43.555,30.286],[3.187,-1.649],[1.651,3.187],[-1.122,0.582]],"v":[[-6.494,11.6],[-44.66,-6.534],[-46.285,-15.582],[-37.238,-17.207],[37.923,-2.681],[46.684,0.101],[43.902,8.862]],"c":true},"ix":2},"nm":"Trazado 1","mn":"ADBE Vector Shape - Group","hd":false},{"ty":"fl","c":{"a":0,"k":[0.165000002992,0.184000007779,0.144999994016,1],"ix":4},"o":{"a":0,"k":100,"ix":5},"r":1,"bm":0,"nm":"Relleno 1","mn":"ADBE Vector Graphic - Fill","hd":false},{"ty":"tr","p":{"a":0,"k":[48.585,19.508],"ix":2},"a":{"a":0,"k":[0,0],"ix":1},"s":{"a":0,"k":[100,100],"ix":3},"r":{"a":0,"k":0,"ix":6},"o":{"a":0,"k":100,"ix":7},"sk":{"a":0,"k":0,"ix":4},"sa":{"a":0,"k":0,"ix":5},"nm":"Transformar"}],"nm":"Grupo 1","np":2,"cix":2,"bm":0,"ix":1,"mn":"ADBE Vector Group","hd":false}],"ip":0,"op":80,"st":0,"bm":0},{"ddd":0,"ind":18,"ty":4,"nm":"RigthLeg","sr":1,"ks":{"o":{"a":0,"k":100,"ix":11},"r":{"a":1,"k":[{"i":{"x":[0.833],"y":[0.833]},"o":{"x":[0.167],"y":[0.167]},"t":19,"s":[0]},{"i":{"x":[0.833],"y":[0.833]},"o":{"x":[0.167],"y":[0.167]},"t":20,"s":[0]},{"i":{"x":[0.833],"y":[0.833]},"o":{"x":[0.167],"y":[0.167]},"t":25,"s":[-27]},{"i":{"x":[0.667],"y":[1]},"o":{"x":[0.167],"y":[0.167]},"t":30,"s":[-47]},{"i":{"x":[0.667],"y":[0.583]},"o":{"x":[0.333],"y":[0]},"t":40,"s":[-79]},{"i":{"x":[0.667],"y":[1]},"o":{"x":[0.333],"y":[0.625]},"t":50,"s":[-31]},{"i":{"x":[0.833],"y":[1]},"o":{"x":[0.333],"y":[0]},"t":60,"s":[1]},{"i":{"x":[0.833],"y":[0.833]},"o":{"x":[0.167],"y":[0]},"t":80,"s":[-20]},{"t":98,"s":[0]}],"ix":10},"p":{"a":1,"k":[{"i":{"x":0.833,"y":0.833},"o":{"x":0.167,"y":0.167},"t":0,"s":[374.166,766.063,0],"to":[2.667,-1.917,0],"ti":[-9.583,-0.417,0]},{"i":{"x":0.833,"y":0.833},"o":{"x":0.167,"y":0.167},"t":5,"s":[390.166,754.563,0],"to":[9.583,0.417,0],"ti":[-6.917,-1.667,0]},{"i":{"x":0.833,"y":0.833},"o":{"x":0.167,"y":0.167},"t":10,"s":[431.666,768.563,0],"to":[6.917,1.667,0],"ti":[8,0.667,0]},{"i":{"x":0.833,"y":0.833},"o":{"x":0.167,"y":0.167},"t":25,"s":[431.666,764.563,0],"to":[-8,-0.667,0],"ti":[15,8.833,0]},{"i":{"x":0.667,"y":0.838},"o":{"x":0.167,"y":0.167},"t":30,"s":[383.666,764.563,0],"to":[-15,-8.833,0],"ti":[-9.333,-0.333,0]},{"i":{"x":0.667,"y":0.729},"o":{"x":0.333,"y":0.1},"t":40,"s":[341.666,711.563,0],"to":[4.77,0.17,0],"ti":[-21.794,-12.885,0]},{"i":{"x":0.667,"y":0.577},"o":{"x":0.333,"y":0.854},"t":50,"s":[416.453,752.585,0],"to":[20.852,12.328,0],"ti":[-7.986,-4.482,0]},{"i":{"x":0.833,"y":0.833},"o":{"x":0.333,"y":0.237},"t":60,"s":[439.666,766.563,0],"to":[16.333,9.167,0],"ti":[10.917,0.083,0]},{"t":80,"s":[374.166,766.063,0]}],"ix":2},"a":{"a":0,"k":[19.801,29.656,0],"ix":1},"s":{"a":0,"k":[100,100,100],"ix":6}},"ao":0,"shapes":[{"ty":"gr","it":[{"ind":0,"ty":"sh","ix":1,"ks":{"a":0,"k":{"i":[[0.778,0.201],[0.348,2.715],[-3.56,0.457],[0,0],[0,0],[-3.513,-0.739],[0.741,-3.514],[0,0],[2.744,-0.352],[0,0]],"o":[[-2.498,-0.646],[-0.457,-3.56],[0,0],[0,0],[0.74,-3.513],[3.51,0.736],[0,0],[-0.569,2.706],[0,0],[-0.846,0.109]],"v":[[-14.272,29.146],[-19.094,23.677],[-13.475,16.403],[-2.032,14.935],[6.09,-23.645],[13.791,-28.667],[18.811,-20.966],[9.736,22.134],[4.204,27.242],[-11.82,29.297]],"c":true},"ix":2},"nm":"Trazado 1","mn":"ADBE Vector Shape - Group","hd":false},{"ty":"fl","c":{"a":0,"k":[0.165000002992,0.184000007779,0.144999994016,1],"ix":4},"o":{"a":0,"k":100,"ix":5},"r":1,"bm":0,"nm":"Relleno 1","mn":"ADBE Vector Graphic - Fill","hd":false},{"ty":"tr","p":{"a":0,"k":[19.801,29.656],"ix":2},"a":{"a":0,"k":[0,0],"ix":1},"s":{"a":0,"k":[100,100],"ix":3},"r":{"a":0,"k":0,"ix":6},"o":{"a":0,"k":100,"ix":7},"sk":{"a":0,"k":0,"ix":4},"sa":{"a":0,"k":0,"ix":5},"nm":"Transformar"}],"nm":"Grupo 1","np":2,"cix":2,"bm":0,"ix":1,"mn":"ADBE Vector Group","hd":false}],"ip":0,"op":80,"st":0,"bm":0},{"ddd":0,"ind":19,"ty":4,"nm":"Shadow","sr":1,"ks":{"o":{"a":0,"k":100,"ix":11},"r":{"a":0,"k":0,"ix":10},"p":{"a":1,"k":[{"i":{"x":0.667,"y":1},"o":{"x":0.333,"y":0},"t":0,"s":[381.5,795,0],"to":[7.333,0,0],"ti":[25.833,0,0]},{"i":{"x":0.667,"y":1},"o":{"x":0.333,"y":0},"t":20,"s":[425.5,795,0],"to":[-25.833,0,0],"ti":[0,0,0]},{"i":{"x":0.667,"y":1},"o":{"x":0.333,"y":0},"t":40,"s":[226.5,795,0],"to":[0,0,0],"ti":[-25.833,0,0]},{"i":{"x":0.667,"y":1},"o":{"x":0.333,"y":0},"t":60,"s":[425.5,795,0],"to":[25.833,0,0],"ti":[7.333,0,0]},{"t":79,"s":[381.5,795,0]}],"ix":2},"a":{"a":0,"k":[109.75,10.25,0],"ix":1},"s":{"a":0,"k":[135.616,100,100],"ix":6}},"ao":0,"shapes":[{"ty":"gr","it":[{"ind":0,"ty":"sh","ix":1,"ks":{"a":0,"k":{"i":[[5.522,0],[0,0],[0,5.522],[-5.523,0],[0,0],[0,-5.522]],"o":[[0,0],[-5.523,0],[0,-5.522],[0,0],[5.522,0],[0,5.522]],"v":[[99.5,10],[-99.5,10],[-109.5,0],[-99.5,-10],[99.5,-10],[109.5,0]],"c":true},"ix":2},"nm":"Trazado 1","mn":"ADBE Vector Shape - Group","hd":false},{"ty":"fl","c":{"a":0,"k":[0.877999997606,0.866999966491,0.779999976065,1],"ix":4},"o":{"a":0,"k":100,"ix":5},"r":1,"bm":0,"nm":"Relleno 1","mn":"ADBE Vector Graphic - Fill","hd":false},{"ty":"tr","p":{"a":0,"k":[109.75,10.25],"ix":2},"a":{"a":0,"k":[0,0],"ix":1},"s":{"a":0,"k":[100,100],"ix":3},"r":{"a":0,"k":0,"ix":6},"o":{"a":0,"k":100,"ix":7},"sk":{"a":0,"k":0,"ix":4},"sa":{"a":0,"k":0,"ix":5},"nm":"Transformar"}],"nm":"Grupo 1","np":2,"cix":2,"bm":0,"ix":1,"mn":"ADBE Vector Group","hd":false}],"ip":0,"op":80,"st":0,"bm":0}],"markers":[]}