{
  "project_info": {
    "project_number": "319036961091",
    "project_id": "flying-bartender-4dce2",
    "storage_bucket": "flying-bartender-4dce2.appspot.com"
  },
  "client": [
    {
      "client_info": {
        "mobilesdk_app_id": "1:319036961091:android:cfd99b8d93504d8ca3bff6",
        "android_client_info": {
          "package_name": "com.maestros.flyingbartender"
        }
      },
      "oauth_client": [
        {
          "client_id": "319036961091-fta5ffc9jgeddlv0ec0u2s9gobb9j3ev.apps.googleusercontent.com",
          "client_type": 1,
          "android_info": {
            "package_name": "com.maestros.flyingbartender",
            "certificate_hash": "01af8a8cb2e2950edda2d930cdee03b0690bdc85"
          }
        },
        {
          "client_id": "319036961091-sc05qvnfar72k3j5hed5hk6a6iu9qgmb.apps.googleusercontent.com",
          "client_type": 3
        }
      ],
      "api_key": [
        {
          "current_key": "AIzaSyCZQqebKnphcdvfeRbC9vW4YrdTzS3a0eY"
        }
      ],
      "services": {
        "appinvite_service": {
          "other_platform_oauth_client": [
            {
              "client_id": "319036961091-sc05qvnfar72k3j5hed5hk6a6iu9qgmb.apps.googleusercontent.com",
              "client_type": 3
            }
          ]
        }
      }
    }
  ],
  "configuration_version": "1"
}